country,1960,1961,1962,1963,1964,1965,1966,1967,1968,1969,1970,1971,1972,1973,1974,1975,1976,1977,1978,1979,1980,1981,1982,1983,1984,1985,1986,1987,1988,1989,1990,1991,1992,1993,1994,1995,1996,1997,1998,1999,2000,2001,2002,2003,2004,2005,2006,2007,2008,2009,2010,2011,2012,2013,2014,2015,2016,2017,2018,2019
Aruba,308,312,315,317,319,321,322,324,326,328,330,332,335,336,337,337,335,334,333,334,336,341,346,349,350,348,344,339,339,345,359,379,403,426,446,462,475,485,494,505,516,528,539,549,556,560,562,563,564,565,567,570,573,577,580,583,585,588,591,593
Afghanistan,14,14.3,14.6,14.9,15.3,15.6,15.9,16.3,16.7,17.1,17.6,18.1,18.5,19,19.4,19.8,20.2,20.4,20.5,20.5,20.2,19.7,19.2,18.7,18.3,18,17.8,17.8,18.2,19,20.4,22.2,24.2,26.2,27.7,28.9,29.6,30.2,30.9,31.8,33.1,34.6,36.3,37.9,39.3,40.5,41.5,42.5,43.5,44.7,46.1,47.7,49.4,51.1,52.7,54.2,55.6,56.9,58.3,59.6
Angola,4.44,4.5,4.56,4.6,4.63,4.64,4.63,4.63,4.66,4.72,4.85,5.01,5.21,5.42,5.63,5.84,6.04,6.25,6.46,6.69,6.93,7.18,7.44,7.71,7.99,8.28,8.57,8.88,9.19,9.5,9.83,10.2,10.5,10.8,11.2,11.6,11.9,12.3,12.7,13.2,13.6,14.1,14.5,15,15.6,16.2,16.8,17.4,18.1,18.7,19.4,20.1,20.9,21.6,22.4,23.1,23.9,24.7,25.5,26.4
Albania,60.6,62.5,64.3,66.2,68.1,69.9,71.7,73.8,76,77.9,79.8,81.9,83.8,85.8,87.8,89.7,91.7,93.7,95.5,97.5,99.5,102,104,106,108,110,113,115,118,120,119,119,118,117,116,116,115,114,113,113,112,111,111,110,110,109,108,108,107,106,106,106,106,105,105,105,105,105,104,104
Andorra,30.6,32.7,34.9,37.2,39.5,41.8,44.2,46.6,49,51.6,54.4,57.2,60.1,62.8,65.3,67.6,69.7,71.8,74.1,76.7,79.8,83.2,86.9,90.9,94.9,99,103,107,112,116,121,125,130,133,136,137,137,136,137,139,143,149,156,162,168,172,176,178,180,180,178,175,172,169,166,164,164,164,164,164
United Arab Emirates,1.42,1.58,1.76,1.94,2.11,2.25,2.39,2.57,2.86,3.3,3.91,4.66,5.56,6.58,7.72,8.98,10.4,11.8,13.1,14.4,15.4,16.4,17.3,18.2,19.2,20.4,21.6,22.9,24.3,25.7,27.3,28.9,30.6,32.3,34,35.8,37.6,39.6,41.8,44.1,46.5,49,52.3,57.3,64.6,74.6,86.9,99.8,111,120,126,129,130,130,130,132,134,136,138,139
Argentina,7.61,7.73,7.85,7.97,8.1,8.22,8.34,8.47,8.59,8.73,8.86,9.01,9.16,9.3,9.45,9.6,9.74,9.89,10,10.2,10.4,10.5,10.7,10.9,11,11.2,11.4,11.6,11.7,11.9,12.1,12.3,12.4,12.6,12.7,12.9,13,13.2,13.3,13.5,13.6,13.8,13.9,14.1,14.2,14.4,14.5,14.6,14.8,14.9,15.1,15.2,15.4,15.6,15.8,15.9,16.1,16.3,16.4,16.6
Armenia,68.2,70.6,73,75.3,77.7,79.9,82.2,84.3,86.5,88.7,90.9,93.1,95.3,97.4,99.5,101,103,105,107,109,111,112,114,115,117,119,121,123,124,124,123,121,118,115,113,111,110,109,109,108,107,107,106,105,105,104,103,102,101,101,101,101,102,102,103,103,103,104,104,104
American Samoa,103,106,110,114,118,122,126,130,133,137,140,143,146,148,150,152,154,156,159,163,168,175,182,190,198,206,214,222,229,237,243,250,255,260,266,271,276,281,285,289,292,295,297,298,298,296,292,287,283,280,279,278,279,279,279,279,278,277,277,276
Antigua and Barbuda,125,127,129,131,133,136,139,142,144,146,146,146,145,143,142,142,141,141,141,141,140,140,140,140,140,140,140,140,141,142,144,146,149,153,156,159,163,166,170,173,175,178,180,183,185,188,191,194,197,200,203,205,208,210,213,215,217,219,221,223
Australia,1.36,1.4,1.43,1.45,1.48,1.52,1.54,1.56,1.6,1.63,1.68,1.72,1.74,1.79,1.81,1.83,1.85,1.87,1.89,1.91,1.94,1.98,2,2.02,2.05,2.09,2.12,2.15,2.19,2.22,2.25,2.28,2.3,2.32,2.35,2.38,2.41,2.44,2.46,2.49,2.53,2.56,2.59,2.62,2.65,2.69,2.71,2.77,2.82,2.87,2.91,2.96,3.01,3.06,3.1,3.14,3.2,3.25,3.3,3.34
Austria,85.8,86.3,86.9,87.5,88,88.7,89.3,89.8,90.1,90.4,90.8,91.4,91.9,92,91.8,91.6,91.6,91.6,91.4,91.4,91.7,91.7,91.6,91.6,91.6,91.7,91.7,91.9,92.3,93,93.9,94.9,95.7,96.1,96.2,96.4,96.5,96.6,96.8,97,97.4,97.9,98.3,99,99.6,100,100,101,101,101,102,102,103,104,105,106,107,107,108,108
Azerbaijan,48.4,50.1,51.9,53.6,55.2,56.7,58.2,59.6,60.9,62.2,63.5,64.7,65.9,67,68.2,69.3,70.5,71.6,72.7,73.9,75.1,76.3,77.5,78.8,80.1,81.5,82.8,84.2,85.6,86.2,87.4,88.7,90.1,91.3,92.3,93.3,94.2,95.2,96.5,97.4,98.2,98.9,99.6,100,102,103,104,106,108,110,111,112,114,115,117,118,119,120,121,122
Burundi,111,113,115,118,120,123,127,130,133,135,137,139,140,142,144,147,150,154,158,162,166,171,175,180,185,190,196,201,207,212,217,221,226,230,233,236,238,241,244,248,254,261,269,278,287,296,306,316,327,338,349,360,372,383,396,408,422,435,449,463
Belgium,280,281,283,286,288,290,292,293,294,294,295,296,297,298,299,299,300,300,300,300,300,300,300,300,300,300,301,302,303,304,305,306,307,308,309,309,310,311,312,339,340,341,343,344,346,348,351,354,357,360,365,367,369,370,372,374,376,377,379,381
Benin,21.9,22.2,22.6,22.9,23.3,23.8,24.3,24.8,25.3,25.8,26.4,27,27.6,28.3,29,29.7,30.4,31.3,32.1,33,33.9,34.8,35.8,36.9,37.9,39.1,40.2,41.4,42.7,44.2,45.7,47.3,49,50.7,52.4,54,55.7,57.4,59.1,60.9,62.8,64.7,66.7,68.7,70.8,72.9,75,77.1,79.3,81.6,83.9,86.3,88.7,91.2,93.8,96.4,99.1,102,105,108
Burkina Faso,17.9,18.1,18.4,18.6,18.9,19.2,19.5,19.9,20.2,20.6,20.9,21.3,21.7,22.1,22.5,22.9,23.4,23.9,24.4,24.9,25.5,26.2,26.8,27.5,28.2,29,29.8,30.5,31.4,32.2,33.1,34,34.9,35.9,36.9,37.9,39,40.1,41.2,42.4,43.7,44.9,46.3,47.6,49.1,50.5,52.1,53.7,55.3,57,58.8,60.6,62.4,64.3,66.2,68.2,70.2,72.2,74.3,76.4
Bangladesh,379,390,401,413,425,439,454,468,482,493,503,512,520,528,538,550,564,580,596,612,628,645,662,679,697,716,735,754,774,793,811,830,848,866,885,904,923,942,962,981,999,1020,1040,1050,1070,1080,1100,1110,1120,1130,1150,1160,1170,1190,1200,1210,1230,1240,1250,1270
Bulgaria,71.8,72.4,73,73.6,74.2,74.6,75.1,75.7,76.2,76.7,77.2,77.5,77.9,78.4,78.8,79.2,79.6,79.7,79.8,80.1,80.4,80.6,80.8,81,81,81,81.1,81.2,80.2,78.8,78,77.2,76.6,76.3,76,75.6,75.1,74.6,74.2,73.9,72.4,72,71.5,71,70.5,70,69.5,69,68.6,68.1,67.7,67.3,66.9,66.5,66.1,65.7,65.2,64.7,64.3,63.9
Bahrain,243,251,258,265,272,278,284,291,299,308,319,332,347,365,386,411,439,469,497,522,542,559,575,590,608,628,651,674,697,719,739,737,755,774,794,815,838,864,897,936,982,1040,1080,1140,1200,1300,1380,1470,1560,1630,1670,1690,1710,1730,1760,1830,1920,2010,2100,2180
Bahamas,11.5,12.1,12.7,13.4,14,14.6,15.2,15.8,16.4,16.9,17.4,17.8,18.1,18.5,18.9,19.3,19.7,20.1,20.6,21,21.5,22,22.5,23,23.4,23.9,24.3,24.7,25.1,25.6,26.1,26.6,27.1,27.6,28,28.4,28.7,29,29.4,29.8,30.2,30.7,31.3,31.9,32.5,33.1,33.7,34.3,34.9,35.5,35.9,36.3,36.7,37,37.4,37.8,38.1,38.5,38.9,39.3
Bosnia and Herzegovina,64.2,65.5,66.7,67.9,69.1,70.1,71,71.8,72.6,73.4,74.3,75.2,76.1,77,77.8,78.6,79.4,80.1,80.8,81.6,82.5,83.3,84.1,85,85.8,86.6,87.5,88.1,88,87.2,85.3,82.7,79.7,76.9,74.8,73.5,73,72.9,73.1,73.3,73.3,73.4,73.5,73.5,73.5,73.5,73.5,73.3,73,72.4,71.5,70.4,69.2,68,67,66.1,65.5,64.9,64.5,64.1
Belarus,40.8,41.2,41.6,42,42.4,42.9,43.3,43.8,44.2,44.6,44.9,45.3,45.6,45.9,46.2,46.4,46.7,47,47.2,47.5,47.9,48.2,48.5,48.9,49.2,49.5,49.8,50,50.1,50.2,50.3,50.4,50.5,50.4,50.3,50.1,49.9,49.7,49.4,49.2,48.9,48.6,48.3,48,47.6,47.3,47.1,47,46.9,46.7,46.6,46.6,46.5,46.6,46.6,46.6,46.6,46.5,46.4,46.2
Belize,4.15,4.27,4.39,4.52,4.65,4.79,4.94,5.09,5.23,5.36,5.47,5.57,5.67,5.76,5.84,5.92,6.01,6.09,6.19,6.32,6.47,6.64,6.83,7.03,7.23,7.43,7.64,7.85,8.04,8.22,8.38,8.52,8.66,8.84,9.07,9.37,9.71,10.1,10.5,10.8,11.2,11.5,11.8,12.1,12.4,12.8,13.1,13.5,13.8,14.1,14.5,14.8,15.2,15.5,15.8,16.2,16.5,16.8,17.1,17.4
Bermuda,843,863,883,906,928,944,963,981,1000,1020,1010,1000,996,989,981,985,989,993,996,1010,1020,1030,1040,1040,1050,1060,1070,1080,1090,1100,1090,1090,1090,1100,1110,1110,1120,1130,1130,1150,1160,1170,1170,1180,1190,1190,1200,1210,1220,1210,1200,1200,1200,1210,1210,1200,1180,1180,1180,1180
Bolivia,3.44,3.51,3.58,3.65,3.73,3.81,3.89,3.97,4.05,4.14,4.23,4.32,4.42,4.52,4.62,4.72,4.83,4.93,5.04,5.15,5.26,5.37,5.48,5.59,5.7,5.82,5.95,6.07,6.2,6.34,6.47,6.61,6.75,6.89,7.04,7.18,7.33,7.47,7.62,7.77,7.92,8.07,8.22,8.37,8.52,8.67,8.82,8.97,9.12,9.28,9.43,9.58,9.73,9.88,10,10.2,10.3,10.5,10.6,10.8
Brazil,8.89,9.15,9.42,9.7,9.98,10.3,10.5,10.8,11.1,11.4,11.7,11.9,12.2,12.5,12.8,13.1,13.5,13.8,14.1,14.4,14.8,15.1,15.5,15.8,16.2,16.5,16.9,17.2,17.5,17.8,18.1,18.5,18.8,19.1,19.4,19.7,20,20.3,20.6,20.9,21.2,21.5,21.8,22,22.3,22.5,22.7,23,23.2,23.4,23.6,23.8,24.1,24.3,24.5,24.7,24.9,25.1,25.3,25.4
Barbados,539,541,543,546,547,549,550,552,553,556,558,562,565,569,572,576,579,582,585,587,589,591,593,594,596,598,600,602,605,607,609,611,614,616,619,621,624,626,629,631,634,636,638,640,643,645,648,651,654,656,658,660,661,662,664,665,666,667,667,668
Brunei,16.2,17,17.7,18.6,19.4,20.4,21.3,22.4,23.5,24.6,25.7,26.9,28.2,29.4,30.7,31.9,33.2,34.4,35.6,36.8,38,39.1,40.2,41.4,42.6,43.8,45.1,46.4,47.7,49.1,50.5,52,53.5,54.9,56.4,57.8,59.2,60.6,61.9,63.2,64.5,65.8,67,68.2,69.3,70.3,71.2,72,72.8,73.7,74.7,75.7,76.7,77.8,78.7,79.7,80.5,81.4,82.2,83
Bhutan,4.9,5.02,5.15,5.29,5.44,5.6,5.78,5.97,6.16,6.36,6.57,6.78,7,7.22,7.46,7.7,7.95,8.2,8.46,8.71,8.95,9.18,9.41,9.66,9.94,10.2,10.6,10.9,11.2,11.4,11.4,11.4,11.4,13.4,13.4,13.6,13.9,14.2,14.5,14.8,15.2,15.5,15.8,16.8,17,17.2,17.4,17.6,17.8,18,18.2,18.4,18.6,18.9,19.1,19.3,19.5,19.8,20,20.2
Botswana,0.905,0.924,0.945,0.967,0.988,1.01,1.03,1.05,1.08,1.11,1.14,1.18,1.22,1.26,1.31,1.36,1.41,1.47,1.53,1.58,1.64,1.7,1.76,1.82,1.89,1.96,2.04,2.12,2.2,2.27,2.34,2.41,2.47,2.53,2.59,2.66,2.72,2.78,2.84,2.9,2.95,3.01,3.06,3.12,3.17,3.24,3.31,3.38,3.45,3.51,3.56,3.6,3.64,3.69,3.74,3.81,3.89,3.98,4.06,4.15
Central African Republic,2.45,2.49,2.54,2.58,2.63,2.69,2.74,2.8,2.86,2.91,2.95,3,3.04,3.09,3.14,3.21,3.27,3.35,3.44,3.53,3.63,3.75,3.87,3.98,4.08,4.17,4.25,4.32,4.41,4.51,4.62,4.75,4.89,5.03,5.17,5.31,5.45,5.58,5.71,5.84,5.97,6.1,6.23,6.36,6.48,6.61,6.74,6.86,6.96,7.04,7.09,7.12,7.14,7.17,7.21,7.28,7.38,7.49,7.62,7.75
Canada,2.04,2.08,2.12,2.16,2.19,2.24,2.28,2.31,2.35,2.38,2.45,2.48,2.51,2.54,2.58,2.62,2.65,2.67,2.7,2.73,2.77,2.8,2.83,2.86,2.88,2.91,2.95,2.99,3.04,3.09,3.13,3.16,3.2,3.23,3.27,3.3,3.34,3.36,3.39,3.42,3.46,3.5,3.53,3.56,3.6,3.63,3.67,3.71,3.75,3.79,3.83,3.87,3.91,3.95,3.98,4.03,4.08,4.13,4.19,4.24
Channel Islands,558,563,569,575,581,587,593,600,606,612,618,624,630,635,638,641,642,643,645,647,651,656,662,669,676,683,691,698,705,710,714,717,719,722,725,729,734,740,745,750,753,756,758,761,766,773,781,790,799,807,813,818,823,829,835,843,852,861,870,878
Switzerland,137,141,144,146,148,150,152,154,155,156,157,158,160,160,160,159,159,159,159,160,161,162,162,163,164,165,166,167,168,170,172,174,176,177,178,179,179,180,181,182,183,184,186,187,188,189,191,194,196,198,200,202,205,207,210,212,214,215,217,219
Chile,11.2,11.4,11.6,11.9,12.1,12.3,12.5,12.7,12.9,13.2,13.4,13.6,13.8,14,14.2,14.5,14.7,14.9,15.1,15.4,15.6,15.8,16,16.2,16.5,16.7,17,17.3,17.6,17.9,18.2,18.5,18.8,19.1,19.3,19.6,19.9,20.1,20.4,20.6,20.9,21.1,21.3,21.5,21.8,22,22.2,22.5,22.7,22.9,23.2,23.4,23.6,23.9,24.2,24.5,24.8,25.2,25.5,25.7
China,70.1,70.6,72.4,74.1,75.9,78,80.1,82.2,84.5,86.8,89.2,91.5,93.6,95.5,97.2,98.7,100,101,103,104,105,107,109,110,112,113,115,117,119,120,122,124,125,126,128,129,131,132,133,134,135,136,137,138,138,139,140,141,141,142,143,144,145,146,146,147,148,149,149,150
Cote d'Ivoire,11.4,11.9,12.3,12.8,13.3,13.8,14.3,14.8,15.4,16,16.8,17.5,18.4,19.2,20.2,21.1,22.1,23.1,24.2,25.3,26.4,27.6,28.8,30,31.2,32.4,33.6,34.9,36.2,37.5,38.9,40.3,41.7,43.2,44.7,46.1,47.6,49,50.4,51.7,53,54.2,55.3,56.5,57.7,59,60.3,61.7,63.1,64.6,66.1,67.8,69.5,71.2,73,74.9,76.8,78.8,80.9,83
Cameroon,11.2,11.4,11.7,11.9,12.2,12.5,12.8,13.1,13.4,13.8,14.2,14.5,14.9,15.3,15.8,16.2,16.7,17.2,17.7,18.2,18.8,19.4,20,20.6,21.3,22,22.7,23.4,24.2,24.9,25.7,26.4,27.2,28,28.8,29.6,30.3,31.1,32,32.8,33.7,34.6,35.5,36.5,37.5,38.6,39.6,40.7,41.9,43,44.2,45.5,46.7,48,49.3,50.6,52,53.3,54.7,56.2
"Congo, Dem. Rep.",6.9,7.08,7.26,7.46,7.66,7.88,8.11,8.34,8.58,8.83,9.07,9.32,9.57,9.83,10.1,10.4,10.7,11,11.3,11.6,11.9,12.2,12.5,12.8,13.2,13.5,13.9,14.3,14.8,15.3,15.8,16.5,17.1,17.8,18.3,18.9,19.3,19.8,20.3,20.8,21.4,22,22.7,23.4,24.2,25,25.8,26.6,27.5,28.5,29.4,30.4,31.5,32.5,33.6,34.8,35.9,37.1,38.3,39.5
"Congo, Rep.",3.05,3.13,3.21,3.3,3.38,3.48,3.57,3.67,3.78,3.89,4,4.12,4.24,4.37,4.5,4.63,4.77,4.91,5.06,5.21,5.36,5.52,5.68,5.85,6.02,6.19,6.36,6.53,6.71,6.9,7.09,7.29,7.5,7.71,7.93,8.16,8.4,8.64,8.9,9.16,9.42,9.69,9.98,10.3,10.6,11,11.4,11.7,12.1,12.5,12.9,13.2,13.5,13.9,14.2,14.6,15,15.4,15.8,16.2
Colombia,14.9,15.4,15.9,16.4,16.9,17.4,17.9,18.4,18.9,19.4,19.8,20.3,20.8,21.2,21.7,22.2,22.7,23.2,23.7,24.2,24.8,25.3,25.9,26.4,27,27.6,28.1,28.7,29.3,29.8,30.4,31,31.6,32.2,32.8,33.4,34,34.6,35.2,35.7,36.3,36.8,37.4,37.9,38.4,38.9,39.4,39.9,40.3,40.8,41.2,41.5,41.9,42.3,42.8,43.4,44.1,44.8,45.4,45.9
Comoros,104,106,108,109,111,114,116,119,121,124,126,129,131,134,138,143,148,154,160,165,171,176,181,186,191,197,202,208,215,221,228,235,241,248,255,263,270,277,284,291,299,306,313,321,329,337,345,353,362,371,380,389,398,408,418,428,437,447,457,467
Cape Verde,50.9,52.1,53.6,55.3,57.2,59.2,61.4,63.6,65.4,66.7,67.3,67.5,67.3,67.1,67.1,67.3,67.8,68.5,69.4,70.4,71.6,73,74.5,76,77.3,78.6,79.7,80.8,82.2,83.9,85.9,88.3,90.8,93.4,95.9,98.1,100,102,104,106,108,110,112,113,115,116,118,119,121,122,124,125,127,129,130,132,133,135,136,138
Costa Rica,27.1,28.1,29.1,30.2,31.2,32.2,33.2,34.2,35.2,36.2,37.1,38.1,39,40,41,42.1,43.2,44.4,45.6,46.8,48.1,49.4,50.8,52.2,53.6,55,56.5,58,59.5,61.1,62.7,64.4,66,67.7,69.4,71.1,72.8,74.5,76.1,77.6,79,80.3,81.6,82.7,83.9,85.1,86.3,87.4,88.5,89.6,90.7,91.8,92.9,93.9,94.9,96,96.9,97.9,98.9,99.8
Cuba,67.9,69.4,71,72.6,74.1,75.6,77,78.3,79.7,81.1,82.6,84,85.5,86.8,88,89,89.8,90.5,91.2,91.7,92.2,92.6,92.9,93.4,94,94.8,95.8,96.8,97.8,98.7,99.4,100,100,101,101,102,102,103,103,104,104,105,106,106,106,106,106,106,105,105,105,106,108,109,109,109,109,109,109,109
Cayman Islands,33.4,33.9,34.2,34.6,34.9,35.2,35.5,36,36.8,38.1,40,42.2,44.9,47.9,51,54.3,57.7,61.2,64.5,67.5,70.2,72.7,75,77.8,81.1,85.1,89.7,94.9,100,105,111,116,121,127,134,142,151,160,168,176,183,189,194,200,205,211,218,224,231,236,241,246,250,254,257,261,264,267,271,274
Cyprus,62.4,62.5,62.5,62.6,62.9,63.3,64,64.8,65.6,66.4,67.2,68,68.7,69.5,70.3,71.2,72,72.9,73.6,74.2,74.6,74.9,75.1,75.5,76.2,77.1,78.3,79.7,81.3,83,84.8,86.6,88.6,90.6,92.6,94.5,96.4,98.3,100,102,104,106,108,109,111,113,115,117,119,120,122,123,124,125,126,127,128,129,130,131
Czech Republic,124,125,125,126,127,127,128,128,128,128,127,128,128,129,130,131,132,133,133,133,133,133,134,134,134,134,134,134,134,134,133,134,134,134,134,133,133,133,133,133,132,132,132,132,132,133,133,134,135,136,136,136,136,136,137,137,137,138,138,139
Germany,210,212,214,216,218,219,220,221,223,224,224,225,226,226,225,224,224,224,224,224,225,224,224,223,223,223,223,224,226,228,229,231,232,233,234,235,235,235,235,236,236,236,237,237,236,236,236,236,235,235,230,231,231,232,234,236,237,237,238,238
Djibouti,3.82,4.06,4.34,4.64,4.96,5.3,5.67,6.06,6.47,6.89,7.31,7.73,8.22,8.85,9.67,10.7,12,13.3,14.5,15.5,16.2,16.6,17,17.5,18.4,19.6,21.2,22.8,24.3,25.5,26.2,26.5,26.7,26.8,27.2,27.8,28.5,29.4,30.2,31,31.6,32.2,32.8,33.3,33.8,34.3,34.7,35.2,35.7,36.2,36.8,37.5,38.1,38.8,39.4,40.1,40.7,41.4,42,42.6
Dominica,81.4,82.6,83.9,85.2,86.7,88.4,90.2,92,93.6,94.8,95.4,95.6,95.7,95.8,96.1,96.9,97.9,99,99.9,100,100,100,99.3,98.5,97.6,96.7,95.8,94.9,94.3,93.9,93.8,94.1,94.4,94.7,94.8,94.6,94.1,93.6,93.1,92.9,92.9,93.1,93.5,93.8,94.1,94.3,94.4,94.4,94.5,94.5,94.5,94.6,94.7,94.8,94.9,95.1,95.3,95.5,95.7,96
Denmark,109,110,111,111,112,113,114,115,115,116,117,118,119,119,119,120,120,120,121,121,121,121,121,121,121,121,121,121,121,121,122,122,122,123,123,124,125,125,125,126,126,127,127,127,128,128,129,129,130,131,131,140,140,141,142,143,144,145,145,146
Dominican Republic,70.5,72.9,75.3,77.8,80.3,82.8,85.3,87.9,90.5,93.1,95.8,98.4,101,104,106,109,112,115,117,120,123,126,128,131,134,137,139,142,145,148,150,153,156,159,162,165,167,170,173,175,178,181,183,186,188,191,193,196,198,201,203,206,208,210,213,215,218,220,222,225
Algeria,4.76,4.88,5,5.13,5.27,5.42,5.57,5.74,5.9,6.07,6.24,6.42,6.6,6.78,6.97,7.17,7.38,7.6,7.83,8.07,8.32,8.59,8.86,9.14,9.42,9.7,9.98,10.3,10.5,10.8,11.1,11.3,11.6,11.8,12.1,12.3,12.5,12.7,12.9,13,13.2,13.4,13.5,13.7,13.9,14.1,14.3,14.6,14.8,15.1,15.4,15.7,16,16.3,16.7,17,17.4,17.7,18.1,18.4
Ecuador,16.9,17.4,17.9,18.4,18.9,19.5,20.1,20.7,21.3,21.9,22.6,23.2,23.9,24.6,25.3,26,26.7,27.4,28.1,28.9,29.6,30.4,31.2,31.9,32.7,33.6,34.4,35.2,36.1,37,37.8,38.7,39.6,40.5,41.4,42.3,43.2,49.1,50.1,51.1,52,52.9,53.8,54.7,55.7,56.6,57.6,58.5,59.5,60.4,61.4,62.3,63.2,64.2,65.3,66.4,67.6,68.8,70,71
Egypt,27.5,28.2,29,29.8,30.6,31.4,32.2,33,33.9,34.7,35.5,36.3,37.1,37.9,38.7,39.6,40.5,41.5,42.5,43.5,44.6,45.7,46.9,48.2,49.5,50.8,52.2,53.6,55,56.4,57.7,58.9,60.2,61.4,62.6,63.9,65.2,66.5,67.8,69.1,70.5,71.8,73.2,74.5,75.9,77.2,78.6,80,81.5,83.1,84.9,86.8,88.8,90.8,92.9,94.9,96.9,98.9,101,103
Eritrea,10.2,10.5,10.8,11.1,11.4,11.7,12,12.3,12.6,13,13.3,13.7,14.1,14.5,14.9,15.3,15.8,16.2,16.7,17.2,17.7,18.2,18.7,19.3,19.8,20.4,21.1,21.6,22.1,22.4,22.4,22.4,22.2,22,21.8,21.7,21.7,21.8,22.2,22.7,23.5,24.6,25.8,26.9,28,28.9,29.7,30.3,30.9,31.4,31.8,32.2,32.5,32.8,33.1,33.4,33.8,34.2,34.6,35.1
Spain,61.5,62.1,62.6,63.2,63.9,64.6,65.4,66.3,66.9,67.7,68.5,69.2,70,70.8,71.6,72.3,73.1,73.8,74.5,75.1,75.6,76.1,76.4,76.7,77,77.3,77.5,77.6,77.7,77.8,78,78.4,78.8,79.2,79.5,79.9,80.2,80.5,80.9,81.3,81.9,83,84.5,86,87.5,89,90.6,92.1,93,93.2,93.5,93.5,93.2,92.9,93,93,93.3,93.7,94.3,94.8
Estonia,28.9,29.3,29.7,30.1,30.5,30.9,31.1,31.4,31.7,32.1,32.5,32.9,33.2,33.5,33.7,34,34.2,34.4,34.6,34.8,35.1,35.3,35.6,35.8,36.1,36.3,36.6,36.8,37,37,36.8,36.2,35.2,34.5,33.9,33.4,33,32.7,32.8,33,32.7,32.5,32.3,32.1,32,31.8,31.6,31.5,31.5,31.4,31.3,31.2,30.3,30.2,30.3,30.3,30.3,30.4,30.5,30.6
Ethiopia,20.6,21.1,21.6,22.2,22.7,23.3,23.9,24.5,25.1,25.8,26.6,27.4,28.2,28.9,29.6,30.1,30.5,30.9,31.3,31.9,32.7,33.6,34.6,35.8,36.9,38.1,39.4,40.7,42,43.5,45.1,46.7,53.3,55.2,57,58.9,60.7,62.5,64.3,66.2,68.2,70.1,72.2,65.7,67.6,69.5,71.4,73.4,75.5,77.6,79.8,82.1,84.5,86.9,89.3,91.7,94.2,96.7,99.2,102
Finland,14.6,14.7,14.9,14.9,15,15,15.1,15.2,15.2,15.1,15.1,15.2,15.3,15.4,15.5,15.5,15.6,15.6,15.6,15.7,15.8,15.8,15.9,16,16.1,16.1,16.2,16.2,16.3,16.4,16.5,16.6,16.6,16.7,16.8,16.8,16.9,16.9,17,17,17,17.1,17.1,17.2,17.2,17.3,17.4,17.5,17.6,17.6,17.7,17.8,17.9,18,18,18.1,18.1,18.1,18.2,18.2
Fiji,22.3,23.1,23.9,24.7,25.4,26.1,26.7,27.3,27.9,28.5,29.1,29.7,30.3,30.9,31.6,32.2,32.7,33.4,34,34.8,35.6,36.6,37.5,38.3,39,39.3,39.5,39.6,39.7,39.9,40.3,40.7,41.3,41.9,42.4,42.9,43.4,43.8,44.1,44.4,44.5,44.6,44.7,44.8,45,45.3,45.8,46.3,46.7,47.1,47.3,47.3,47.4,47.4,47.5,47.8,48,48.4,48.7,49.1
France,86.3,87.5,88.7,89.9,91,91.9,92.7,93.5,94.2,94.9,95.6,96.4,97.2,97.9,98.5,99,99.5,99.9,100,101,101,102,102,103,103,104,105,105,106,106,107,107,108,108,109,109,110,110,110,111,112,113,114,115,115,116,117,118,118,119,119,120,121,121,122,122,122,123,123,123
Faeroe Islands,25.1,25.4,25.8,26.1,26.4,26.7,27,27.3,27.6,27.9,28.3,28.6,28.9,29.3,29.6,29.9,30.2,30.5,30.8,31,31.3,31.6,31.9,32.2,32.5,32.8,33.2,33.5,33.8,33.9,33.8,33.5,33.1,32.8,32.7,32.7,32.8,33,33.3,33.5,33.7,33.8,34,34.1,34.2,34.2,34.3,34.3,34.3,34.2,34.3,34.3,34.3,34.4,34.4,34.5,34.6,34.7,34.9,35
"Micronesia, Fed. Sts.",,,,,,,,,,,,,,,,,,,,,,,,,,,,,,,141,145,148,151,154,155,155,155,154,153,153,153,153,152,152,151,149,148,147,147,148,149,151,153,156,157,159,161,163,164
Gabon,1.96,1.98,2.01,2.04,2.07,2.11,2.15,2.2,2.24,2.29,2.33,2.37,2.42,2.46,2.51,2.57,2.62,2.69,2.75,2.82,2.89,2.96,3.04,3.12,3.21,3.3,3.39,3.49,3.58,3.68,3.79,3.89,4,4.1,4.21,4.32,4.43,4.54,4.65,4.77,4.88,5,5.12,5.25,5.4,5.55,5.71,5.89,6.09,6.3,6.54,6.79,7.05,7.31,7.56,7.79,8.01,8.22,8.43,8.64
Isle of Man,84.7,84.9,85.6,86.7,88,89.6,91.4,93.4,95.4,97.2,98.9,100,102,103,104,106,108,109,111,111,112,112,112,112,113,114,117,119,122,123,124,125,125,126,127,128,130,131,133,135,136,137,138,140,141,143,145,147,148,149,149,148,147,146,146,146,147,147,148,149
United Kingdom,218,220,222,223,225,226,227,228,229,230,231,232,232,232,232,232,232,232,232,233,233,233,233,233,234,234,235,235,236,237,237,238,239,239,240,240,241,242,243,243,244,245,247,248,250,252,253,255,257,259,261,263,265,267,269,271,273,275,276,278
Georgia,64.8,65.8,66.8,67.7,68.6,69.4,70.1,70.7,71.4,72.1,72.8,73.6,74.2,74.9,75.4,76,76.5,76.9,77.5,78.2,78.8,79.5,80.2,80.9,81.6,82.3,83,83.8,84,84,84.6,85.3,85.9,84.6,81.5,78.6,76.1,74.2,72.7,71.3,70.2,69.6,69.1,68.7,68.3,67.9,67.5,67.3,66.7,66.2,65.7,65.2,65,65.1,65.2,65.2,65.2,65.2,65.1,65.1
Ghana,30.1,31.1,32.1,33.1,34,34.9,35.7,36.6,37.4,38.4,39.4,40.6,41.7,42.8,43.9,44.8,45.7,46.5,47.5,48.6,49.9,51.3,52.9,54.5,56.2,57.9,59.6,61.3,63.1,64.9,66.8,68.8,70.8,72.8,74.8,76.7,78.7,80.7,82.7,84.7,86.8,89,91.2,93.5,95.9,98.4,101,104,106,109,112,114,117,120,122,125,128,131,134,137
Gibraltar,2380,2430,2490,2550,2610,2660,2720,2770,2820,2860,2900,2940,2970,2990,3010,3020,3020,3020,3020,3010,2990,2970,2950,2930,2920,2910,2910,2920,2920,2910,2900,2880,2870,2860,2870,2900,2940,2990,3050,3110,3160,3210,3260,3290,3320,3340,3350,3360,3360,3360,3360,3370,3370,3370,3370,3370,3370,3370,3370,3370
Guinea,14.5,14.7,14.9,15.2,15.5,15.8,16,16.3,16.6,16.9,17.2,17.5,17.7,18,18.3,18.6,18.8,19.1,19.5,19.8,20.2,20.7,21.1,21.7,22.3,22.9,23.6,24.3,25.1,25.9,26.6,27.3,28.1,28.8,29.6,30.4,31.2,32,32.8,33.5,34.3,34.9,35.6,36.3,37.1,37.9,38.7,39.6,40.6,41.5,42.4,43.4,44.3,45.4,46.5,47.8,49.1,50.5,52,53.4
Gambia,36.8,37.5,38.3,39.1,40,41.1,42.2,43.3,44.6,45.9,47.2,48.7,50.1,51.7,53.4,55.1,57,58.9,60.9,63,65,67,69.2,71.7,74.7,78.2,82.1,86.3,90.5,94.4,98.1,102,105,108,112,115,119,122,126,130,134,139,143,148,153,157,162,167,172,177,183,188,194,200,206,212,219,225,232,239
Guinea-Bissau,22.1,22.4,22.6,22.8,23.1,23.4,23.8,24.2,24.6,25.1,25.5,26,26.5,26.9,27.2,27.4,27.4,27.5,27.6,27.8,28.2,28.8,29.5,30.3,31,31.7,32.5,33.2,33.9,34.7,35.5,36.3,37.1,37.9,38.7,39.5,40.3,41.1,41.9,42.7,43.6,44.6,45.6,46.7,47.8,49,50.2,51.5,52.8,54.1,55.6,57.1,58.6,60.2,61.8,63.4,65,66.7,68.3,70
Equatorial Guinea,9.23,9.35,9.48,9.65,9.85,10.1,10.4,10.7,10.8,10.8,10.7,10.3,9.9,9.47,9.12,8.84,8.63,8.54,8.63,8.91,9.42,10.1,11,11.8,12.6,13.2,13.7,14.1,14.5,14.9,15.4,15.9,16.5,17.1,17.7,18.4,19.1,19.9,20.7,21.6,22.5,23.5,24.5,25.6,26.7,28,29.3,30.7,32.1,33.6,35.2,36.8,38.4,40,41.7,43.3,45,46.7,48.3,50
Greece,65.2,65.5,65.8,66,66.3,66.8,67.4,67.8,68.1,68.2,68.5,69,69.3,69.5,70.2,71.3,72.2,73.2,74.1,74.8,75.5,75.9,76.4,76.8,77.1,77.3,77.6,77.9,78.3,79.1,80.1,80.7,81.2,81.6,81.9,82.3,82.7,83.2,83.5,83.8,84.3,84.6,84.8,85,85.2,85.5,85.7,85.9,86.2,86.3,86.2,85.7,85.1,84.5,83.9,83.6,83.4,83.3,83.2,83
Grenada,269,272,275,277,278,279,279,279,279,278,277,276,275,274,272,269,265,262,261,262,267,274,282,290,294,295,292,289,285,283,284,286,289,292,295,297,299,300,301,302,304,305,306,307,308,309,309,310,311,312,314,316,318,320,322,324,326,328,329,331
Greenland,0.0986,0.102,0.107,0.11,0.115,0.119,0.123,0.127,0.131,0.136,0.138,0.141,0.143,0.145,0.145,0.145,0.145,0.144,0.145,0.147,0.149,0.151,0.152,0.154,0.156,0.157,0.158,0.16,0.162,0.163,0.162,0.162,0.162,0.162,0.163,0.164,0.136,0.137,0.137,0.137,0.137,0.138,0.138,0.139,0.139,0.138,0.138,0.137,0.137,0.139,0.139,0.138,0.138,0.137,0.137,0.137,0.137,0.136,0.137,0.137
Guatemala,39.7,40.9,42.1,43.3,44.6,45.8,47.1,48.4,49.6,50.9,52.2,53.4,54.7,55.9,57.2,58.5,59.8,61.2,62.7,64.3,66,67.8,69.6,71.6,73.6,75.6,77.8,79.9,82.2,84.5,86.8,89.1,91.4,93.7,96,98.3,101,103,106,108,111,113,116,118,121,123,126,128,131,133,136,138,140,143,145,148,150,153,155,157
Guam,126,129,132,135,139,142,145,149,152,155,159,162,166,169,173,177,181,184,189,193,197,202,206,211,216,221,226,231,236,242,247,253,259,264,270,274,278,282,285,288,290,291,292,293,293,294,294,295,295,295,296,296,297,298,300,302,304,307,310,313
Guyana,3,3.08,3.16,3.24,3.31,3.38,3.44,3.49,3.54,3.58,3.63,3.67,3.71,3.75,3.79,3.83,3.87,3.91,3.94,3.96,3.97,3.97,3.96,3.94,3.91,3.88,3.85,3.81,3.79,3.78,3.78,3.8,3.83,3.86,3.87,3.86,3.85,3.83,3.81,3.79,3.79,3.78,3.79,3.79,3.79,3.79,3.79,3.79,3.8,3.81,3.82,3.84,3.86,3.88,3.9,3.92,3.94,3.96,3.98,4
"Hong Kong, China",3110,3240,3350,3440,3530,3560,3650,3730,3790,3880,3970,4040,4160,4290,4420,4470,4580,4670,4930,5060,5180,5320,5400,5450,5510,5580,5640,5680,5740,5760,5810,5860,5960,6100,5860,6130,6180,6230,6290,6350,6390,6420,6410,6460,6490,6530,6590,6630,6640,6690,6730,6810,6840,6890,6940,6990,7040,7100,7150,7130
Honduras,18.7,19.3,19.8,20.4,21,21.6,22.2,22.9,23.6,24.3,25,25.8,26.5,27.3,28.2,29.1,30,30.9,31.9,32.9,33.9,35,36,37.1,38.3,39.4,40.6,41.8,43,44.3,45.6,46.9,48.2,49.6,51,52.5,54,55.6,57.2,58.8,60.3,61.9,63.5,65.1,66.7,68.2,69.8,71.3,72.8,74.3,75.8,77.2,78.6,80,81.4,82.9,84.3,85.7,87.1,88.5
Croatia,74.5,75.1,75.6,76.1,76.6,77.1,77.6,78.1,78.5,78.9,79.3,79.6,80,80.3,80.7,81.1,81.6,81.9,82.2,82.3,82.5,82.9,83.3,83.7,84.1,84.4,84.8,85.1,85.3,85.4,83.9,81.8,82.3,83.2,82.6,81.4,81,81.1,80.7,79.9,76.9,76.9,77,76.9,77,77,77,77,76.9,76.8,76.5,76.3,76,74.9,74.3,73.8,72.9,72.2,71.8,71.5
Haiti,143,146,149,152,155,158,161,164,167,170,173,176,178,182,185,188,192,196,200,205,209,214,220,225,230,235,240,245,250,255,260,266,271,276,281,286,291,297,302,307,312,318,323,328,334,339,345,350,356,361,366,372,377,383,388,393,398,404,409,414
Hungary,111,112,112,112,113,113,114,114,114,115,115,116,116,116,117,118,118,119,119,119,119,119,119,119,118,118,118,118,117,115,115,115,115,115,115,115,115,114,114,114,114,113,113,113,113,112,112,112,111,110,110,110,109,108,108,108,107,107,107,107
Indonesia,49.7,51.1,52.4,53.9,55.3,56.9,58.4,60,61.7,63.4,65.1,66.8,68.6,70.3,72.1,74,75.8,77.6,79.5,81.4,83.3,85.3,87.2,89.2,91.1,92.9,94.8,96.6,98.4,100,102,104,105,107,109,110,112,114,115,117,118,120,122,123,125,127,128,130,132,133,135,137,139,141,143,139,141,143,144,146
India,155,158,161,164,168,171,175,179,183,187,191,195,200,205,210,214,219,225,230,235,241,246,252,258,264,270,276,282,288,294,300,306,312,318,324,330,337,343,349,355,362,368,374,380,386,392,398,404,410,415,421,426,431,436,441,445,450,455,460,464
Ireland,41,41.2,41.4,41.6,41.8,41.9,42.1,42.3,42.6,42.9,43.4,44.1,44.8,45.5,46.3,47,47.6,48.3,49,49.5,50.1,50.6,51,51.3,51.4,51.4,51.4,51.2,51,51,51.3,51.7,51.9,52.1,52.4,52.8,53.3,53.9,54.5,55.2,56.1,57.1,58,59.1,60.4,62,63.9,65.2,65.8,66.2,66.5,66.8,67.1,67.6,68.3,69,69.8,70.7,71.6,72.4
Iran,13.8,14.2,14.5,14.9,15.3,15.7,16.2,16.6,17,17.5,18,18.5,19,19.5,20.1,20.7,21.4,22.1,22.9,23.7,24.7,25.7,26.8,27.9,29.1,30.2,31.4,32.6,33.7,34.6,35.4,36.1,36.7,37.2,37.7,38.2,38.8,39.3,39.8,40.3,40.8,41.3,41.8,42.3,42.8,43.3,43.8,44.3,44.8,45.3,45.8,46.4,47,47.6,48.2,48.8,49.5,50.2,50.9,51.6
Iraq,17.1,17.5,18,18.6,19.2,19.8,20.5,21.2,21.9,22.7,23.4,24.2,25,25.9,26.7,27.6,28.5,29.4,30.3,31.2,32.1,33,33.9,34.7,35.6,36.4,37.2,38,38.9,39.8,40.9,42.1,43.3,44.7,46.1,47.5,49,50.6,52.1,53.7,55.3,57,58.6,60.2,61.6,62.8,63.8,64.9,66.7,68.5,70.7,73.4,76.4,79.3,81.9,84.3,86.5,88.5,90.5,92.7
Iceland,1.79,1.82,1.85,1.89,1.92,1.95,1.98,2.01,2.03,2.04,2.06,2.09,2.12,2.15,2.17,2.2,2.21,2.23,2.25,2.28,2.3,2.33,2.36,2.39,2.41,2.43,2.45,2.49,2.52,2.54,2.57,2.6,2.63,2.65,2.67,2.68,2.7,2.73,2.77,2.81,2.84,2.87,2.89,2.91,2.96,3.03,3.11,3.17,3.18,3.17,3.18,3.2,3.23,3.27,3.3,3.35,3.43,3.5,3.58,3.63
Israel,101,106,110,114,118,121,127,130,133,137,142,145,151,156,160,163,167,171,175,179,183,186,190,192,196,199,202,205,209,215,229,237,243,249,256,263,270,276,283,291,298,304,309,315,320,326,332,338,346,352,359,366,372,380,387,395,403,410,418,426
Italy,172,173,174,176,177,179,180,181,182,183,184,185,186,187,189,189,190,191,191,192,192,192,192,192,192,192,192,193,193,193,193,193,193,193,193,193,193,193,194,194,194,194,195,196,197,198,199,200,201,202,202,202,205,207,206,206,206,203,201,200
Jamaica,152,155,157,160,162,164,167,169,171,173,176,179,182,185,187,190,192,194,197,200,203,206,210,213,216,218,219,221,222,223,225,227,229,232,234,236,239,241,243,245,247,249,250,252,253,254,256,257,258,260,261,262,264,265,267,268,270,271,272,273
Jordan,11,11.5,11.9,12.5,13.3,14.4,15.6,17,18.3,19.5,20.5,21.3,22.1,22.8,23.4,24.1,24.7,25.4,26.1,26.9,27.9,29.1,30.3,31.6,32.9,34.2,35.5,36.9,38.5,40.4,42.6,45.1,47.6,50,52,53.6,54.9,56,57,58.1,59.1,60.3,61.6,63.2,65.3,67.9,70.9,74.3,77.6,81.8,86.3,91.1,96,100,104,108,110,112,114,115
Japan,256,259,262,264,267,270,272,275,279,282,288,292,297,300,304,308,311,314,316,319,321,324,326,329,331,333,335,336,338,339,340,341,342,343,344,345,346,347,347,348,349,350,350,351,351,351,351,351,351,351,351,350,350,349,349,348,348,347,346,345
Kazakhstan,3.83,3.98,4.13,4.26,4.39,4.49,4.59,4.67,4.75,4.83,4.91,4.99,5.06,5.14,5.2,5.26,5.32,5.37,5.42,5.48,5.54,5.6,5.67,5.74,5.8,5.87,5.94,6,6.02,6.06,6.09,6.09,6.07,5.98,5.86,5.77,5.68,5.58,5.53,5.51,5.5,5.5,5.52,5.56,5.61,5.67,5.74,5.84,5.96,6.05,6.13,6.22,6.31,6.4,6.5,6.59,6.68,6.77,6.86,6.95
Kenya,14.7,15.2,15.7,16.2,16.7,17.3,17.9,18.5,19.2,19.9,20.6,21.3,22.1,23,23.9,24.8,25.7,26.7,27.8,28.8,30,31.2,32.4,33.6,34.9,36.2,37.6,38.9,40.3,41.7,43.1,44.5,45.9,47.4,48.8,50.2,51.7,53.2,54.6,56.2,57.7,59.3,60.9,62.6,64.4,66.2,68,69.9,71.9,73.8,75.9,77.9,80,82.1,84.1,86.2,88.2,90.3,92.4,94.5
Kyrgyz Republic,11.8,12.2,12.6,13,13.4,13.8,14.3,14.7,15.1,15.4,15.8,16.1,16.4,16.8,17.2,17.5,17.9,18.2,18.5,18.9,19.2,19.6,20,20.4,20.8,21.2,21.6,22,22.5,22.9,23.3,23.5,23.5,23.5,23.8,24.1,24.5,24.9,25.2,25.5,25.8,26,26.3,26.6,26.9,27.2,27.5,27.7,28.1,28.4,28.8,29.2,29.8,30.4,31.1,31.7,32.3,33,33.7,34.3
Cambodia,33.3,34.2,35,35.9,36.6,37.3,37.9,38.4,39,39.6,40.4,41.4,42.2,42.7,42.6,41.9,40.8,39.4,38.4,37.9,38.2,39.2,40.6,42.2,43.7,45.1,46.4,47.8,49.2,50.8,52.6,54.5,56.5,58.5,60.4,62.2,64,65.7,67.3,68.9,70.3,71.6,72.8,74,75.2,76.4,77.5,78.7,79.8,81.1,82.4,83.7,85.1,86.5,87.9,89.3,90.7,92.1,93.4,94.7
Kiribati,52.1,53.4,54.7,56,57.3,58.6,59.8,60.9,62.1,63.1,64.2,65.2,66.1,67.1,68,69,70.1,71.1,72.2,73.2,74.2,75.2,76.2,77.5,79,80.9,83,85.3,87.5,89.4,91,92.3,93.5,94.7,95.9,97.4,99,101,102,104,106,108,110,112,114,116,119,122,125,127,129,131,133,135,137,139,141,143,145,147
St. Kitts and Nevis,146,146,144,143,141,138,135,133,130,128,127,127,127,127,126,126,126,125,124,166,165,164,163,162,161,160,158,156,155,155,155,157,158,160,162,163,165,166,168,170,172,174,176,178,180,182,184,185,187,189,190,192,194,195,197,199,200,202,203,205
South Korea,267,275,283,290,298,305,312,320,327,334,341,347,354,360,366,372,377,383,389,395,401,408,414,419,423,427,431,436,440,444,449,454,458,463,467,472,476,480,483,487,490,492,495,497,498,500,502,506,508,510,514,516,518,521,524,525,527,529,531,532
Kosovo,88.7,91.3,93.9,96.4,99,102,104,107,109,112,115,117,120,123,126,129,131,134,137,140,143,145,148,151,154,158,161,165,168,171,174,177,180,183,186,189,192,181,162,156,156,156,156,157,157,158,159,161,162,163,165,166,167,167,164,163,165,,,
Kuwait,16.9,18.9,21.3,23.8,26.5,29.4,32.4,35.5,38.7,41.8,44.8,47.8,50.8,54,57.3,60.9,64.7,68.7,72.7,76.8,80.8,84.6,88.5,92.7,97.4,103,109,114,117,118,114,,,,90.1,91.3,96,103,110,115,118,120,121,123,127,133,141,149,158,168,178,188,198,207,215,222,228,232,236,240
Lao,9.4,9.62,9.85,10.1,10.3,10.6,10.8,11.1,11.4,11.6,12,12.3,12.6,13,13.2,13.4,13.6,13.7,13.9,14.1,14.4,14.7,15.1,15.5,16,16.4,16.9,17.4,17.9,18.5,19,19.5,20,20.5,21,21.5,21.9,22.3,22.7,23.1,23.4,23.8,24.2,24.5,24.9,25.3,25.8,26.2,26.6,27.1,27.5,27.9,28.3,28.8,29.2,29.7,30.1,30.6,31.1,31.5
Lebanon,182,188,194,200,205,209,213,216,220,225,230,236,243,248,252,254,254,254,253,253,254,255,256,258,259,260,261,262,267,274,286,301,317,333,345,353,358,361,366,376,390,409,429,447,459,465,466,466,470,484,509,541,578,612,639,656,667,671,670,667
Liberia,11.9,12.1,12.4,12.6,12.9,13.2,13.5,13.8,14.2,14.5,14.9,15.3,15.7,16.2,16.6,17.1,17.6,18.1,18.6,19.2,19.9,20.7,21.4,21.9,22.3,22.4,22.4,22.2,21.9,21.6,21.2,20.8,20.5,20.6,21.2,22.4,24.2,26.1,28,29.6,30.7,31.4,31.9,32.6,33.4,34.6,35.9,37.5,39,40.4,41.7,42.9,44.1,45.3,46.4,47.6,48.8,50,51.3,52.5
Libya,0.851,0.881,0.913,0.948,0.985,1.03,1.07,1.11,1.16,1.21,1.27,1.32,1.38,1.44,1.5,1.57,1.63,1.69,1.76,1.83,1.9,1.98,2.05,2.13,2.2,2.27,2.34,2.4,2.46,2.52,2.58,2.64,2.7,2.76,2.81,2.86,2.91,2.95,3,3.05,3.09,3.14,3.19,3.25,3.3,3.35,3.4,3.44,3.49,3.52,3.55,3.57,3.59,3.62,3.65,3.69,3.74,3.8,3.85,3.91
St. Lucia,149,151,153,155,158,160,163,166,168,171,173,174,176,178,180,182,185,188,190,193,196,198,201,204,207,211,215,219,223,226,230,232,235,238,241,244,247,251,254,257,259,261,263,265,268,271,275,279,282,285,288,290,291,292,294,295,297,298,300,301
Liechtenstein,106,108,111,114,117,120,123,126,130,133,136,139,141,144,146,150,153,156,159,162,164,166,167,169,171,172,174,176,178,180,182,185,187,190,193,196,199,202,205,207,210,212,214,215,217,219,220,222,223,225,227,229,231,233,234,235,236,237,238,238
Sri Lanka,161,165,169,173,177,181,186,190,195,199,203,207,211,215,219,223,228,232,236,240,244,247,251,254,258,262,265,269,273,276,280,283,286,289,291,293,295,296,298,299,302,304,307,309,312,314,316,319,321,323,325,326,328,331,339,343,346,350,352,354
Lesotho,28.1,28.6,29.2,29.8,30.4,31,31.7,32.4,33.1,33.9,34.7,35.5,36.3,37.2,38.2,39.3,40.5,41.7,42.9,44.1,45.4,46.6,47.9,49.1,50.3,51.4,52.6,53.7,54.9,56.1,57.4,58.7,60,61.3,62.5,63.7,64.8,65.8,66.5,67,67.1,66.9,66.5,66.1,65.7,65.5,65.4,65.5,65.6,65.7,66,66.4,66.8,67.3,67.8,68.3,68.9,69.4,70,70.6
Lithuania,45,45.7,46.3,46.8,47.4,48,48.6,49.1,49.6,50.1,50.7,51.3,51.8,52.2,52.7,53.1,53.5,53.9,54.2,54.5,54.8,55.2,55.6,56.1,56.5,57.1,57.7,58.3,58.8,59,59.1,59,58.8,58.3,57.9,57.5,57,56.6,56.2,55.8,55.4,54.9,54.5,53.9,53,52.2,51.6,51,50.5,49.4,48.3,47.7,47.2,46.8,46.4,45.8,45.2,44.7,44.6,44.6
Luxembourg,,,,,,,,,,,,,,,,,,,,,,,,,,,,,,,,,,,,,,,,180,182,184,186,189,191,195,198,201,205,209,213,218,224,229,234,240,245,250,255,259
Latvia,34.6,35.1,35.5,36,36.4,36.7,37,37.4,37.7,37.9,38.2,38.5,38.8,39.2,39.5,39.7,40,40.2,40.3,40.4,40.5,40.7,40.9,41.2,41.5,41.8,42.2,42.7,42.9,42.8,42.6,42,41.2,40.5,40,39.5,39.1,38.7,38.4,38.1,37.6,37.1,36.8,36.4,36,35.7,35.4,35,34.4,33.7,33.1,32.7,32.4,32.1,31.8,31.5,31.3,31,30.8,30.6
"Macao, China",8520,8810,9210,9680,10.2k,10.7k,11.2k,11.7k,12k,12.3k,12.4k,12.4k,12.3k,12.2k,12.1k,12k,11.8k,11.8k,11.8k,11.9k,12.2k,12.6k,13k,13.6k,14.2k,14.8k,15.4k,16k,16.6k,17.2k,17.7k,18.1k,18.5k,18.9k,19.3k,19.7k,20.1k,20.5k,20.9k,21.4k,16.8k,16.6k,17k,16.8k,17.2k,17.3k,17.3k,17.6k,17.8k,18.1k,18.4k,18.9k,19.1k,19.5k,19.8k,20.1k,20.2k,19.2k,19.5k,19.7k
St. Martin (French part),73.5,75,76.8,79.1,82.2,85.9,90.5,95.5,100,105,109,113,117,121,127,133,142,151,157,161,159,154,153,167,203,268,354,448,528,579,596,585,555,524,502,494,495,503,517,532,549,568,589,610,630,648,664,678,687,691,749,740,729,720,717,721,731,745,760,773
Morocco,28.5,29.3,30.2,31,31.9,32.7,33.5,34.3,35.1,35.9,36.6,37.4,38.2,39,39.9,40.8,41.7,42.7,43.7,44.8,45.9,47,48.2,49.3,50.4,51.5,52.5,53.6,54.6,55.6,56.6,57.6,58.6,59.6,60.5,61.4,62.2,63,63.8,64.5,65.3,66,66.7,67.5,68.2,69,69.8,70.7,71.5,72.5,73.5,74.5,75.5,76.6,77.7,78.7,79.7,80.7,81.7,82.7
Monaco,11.3k,11.4k,11.4k,11.5k,11.5k,11.5k,11.5k,11.5k,11.5k,11.6k,11.7k,11.9k,12.1k,12.2k,12.4k,12.6k,12.7k,12.9k,13k,13.2k,13.4k,13.6k,13.9k,14.1k,14.2k,14.3k,14.4k,14.4k,14.5k,14.5k,14.6k,14.7k,14.9k,15k,15.2k,15.3k,15.4k,15.6k,15.7k,15.9k,16k,16.2k,16.4k,16.5k,16.7k,16.9k,17k,17.2k,17.4k,17.6k,17.8k,18k,18.2k,18.4k,18.6k,18.8k,18.9k,19.1k,19.2k,19.4k
Moldova,72.9,74.5,76.1,77.6,79.1,80.4,81.7,82.8,84,85.2,86.4,87.6,88.8,90,91,91.9,92.7,93.4,94.2,95,96,96.9,97.9,99,99.9,101,102,102,103,103,104,104,103,103,103,102,102,102,102,102,102,101,101,101,101,100,100,99.8,99.7,99.7,99.7,99.6,99.5,99.5,98.7,97.6,95.9,94.3,92.8,91.2
Madagascar,8.98,9.2,9.43,9.67,9.92,10.2,10.4,10.7,11,11.3,11.6,11.9,12.3,12.6,13,13.4,13.8,14.2,14.6,15,15.4,15.9,16.3,16.8,17.3,17.8,18.3,18.8,19.4,19.9,20.5,21.2,21.8,22.5,23.2,23.9,24.7,25.5,26.3,27.1,28,28.8,29.7,30.6,31.5,32.5,33.4,34.4,35.4,36.4,37.4,38.4,39.5,40.5,41.7,42.8,44,45.1,46.4,47.6
Maldives,308,316,325,334,342,350,358,366,375,386,398,411,426,440,455,469,482,496,511,528,546,566,588,609,632,654,677,699,722,744,766,788,809,829,847,864,879,895,912,931,954,981,1010,1040,1070,1090,1120,1140,1180,1220,1270,1320,1390,1450,1520,1590,1650,1720,1770,1800
Mexico,20,20.7,21.3,22,22.7,23.4,24.2,24.9,25.7,26.5,27.3,28.1,29,29.8,30.7,31.5,32.3,33.2,34,34.9,35.7,36.6,37.4,38.2,39.1,39.9,40.7,41.6,42.4,43.2,44,44.8,45.6,46.4,47.2,47.9,48.7,49.4,50.1,50.9,51.6,52.3,53,53.8,54.5,55.3,56.2,57,57.9,58.7,59.5,60.3,61.1,61.9,62.7,63.4,64.2,64.9,65.6,66.3
Marshall Islands,,,,,,,,,,,,,,,,,,,,,,,,,,,,,,,269,274,277,279,280,281,280,280,280,282,286,291,297,303,307,310,311,312,313,313,314,315,316,318,319,321,323,325,327,329
North Macedonia,59.3,60.1,60.9,61.7,62.6,63.6,64.7,65.8,66.8,67.7,68.4,69,69.6,70.2,70.9,71.8,72.8,73.8,74.8,75.7,76.3,76.9,77.3,77.6,77.9,78.2,78.3,78.5,78.5,78.5,78.4,78.2,78,77.9,78,78.2,78.5,78.9,79.3,79.7,80,79.4,79.7,79.9,80.1,80.2,81,81.1,81.3,81.5,81.6,81.7,81.8,82,82.1,82.2,82.3,82.3,82.3,82.2
Mali,4.36,4.41,4.46,4.51,4.56,4.62,4.68,4.74,4.8,4.88,4.95,5.04,5.13,5.22,5.31,5.41,5.5,5.6,5.7,5.81,5.93,6.06,6.18,6.31,6.42,6.52,6.61,6.7,6.8,6.93,7.08,7.25,7.45,7.65,7.86,8.06,8.27,8.49,8.72,8.97,9.24,9.52,9.82,10.1,10.5,10.8,11.2,11.6,12,12.3,12.7,13.1,13.5,13.9,14.3,14.7,15.2,15.6,16.1,16.6
Malta,1020,1010,1010,1000,996,985,974,962,951,946,946,945,944,944,951,956,959,969,979,990,997,1020,1030,1030,1050,1070,1080,1090,1100,1110,1140,1150,1160,1170,1180,1190,1200,1200,1210,1220,1230,1240,1250,1250,1260,1270,1270,1280,1290,1300,1300,1310,1330,1360,1390,1420,1460,1510,1580,1610
Myanmar,34,34.7,35.5,36.3,37.1,38,38.9,39.8,40.8,41.7,42.7,43.7,44.7,45.8,46.8,47.9,49,50.1,51.2,52.4,53.5,54.7,55.8,57,58.1,59.2,60.3,61.3,62.3,63.2,64.1,64.9,65.6,66.4,67.2,68,68.9,69.8,70.7,71.5,72.3,73,73.7,74.3,74.9,75.4,75.9,76.4,76.9,77.5,78.1,78.7,79.4,80.1,80.7,81.2,81.8,82.3,82.8,83.3
Montenegro,36.5,37.4,38.2,38.8,39.1,39.1,38.9,38.5,38.2,38.1,38.3,38.8,39.4,40.1,40.6,41.1,41.5,41.8,42.1,42.6,43.1,43.6,44.2,44.7,45,45.2,45.2,45.2,45.1,45.1,45.1,45.2,45.4,45.5,45.5,45.4,45.3,45.2,45.1,45,45.2,45.3,45.5,45.6,45.7,45.7,45.8,45.9,46,46.1,46.1,46.1,46.2,46.2,46.3,46.3,46.3,46.3,46.2,46.2
Mongolia,0.632,0.651,0.671,0.692,0.713,0.734,0.755,0.777,0.8,0.823,0.848,0.873,0.899,0.926,0.952,0.979,1.01,1.03,1.06,1.09,1.12,1.14,1.17,1.2,1.24,1.27,1.31,1.35,1.38,1.41,1.43,1.44,1.46,1.47,1.48,1.49,1.5,1.52,1.53,1.54,1.56,1.57,1.59,1.61,1.63,1.65,1.67,1.69,1.72,1.75,1.78,1.82,1.85,1.89,1.93,1.96,2,2.04,2.07,2.11
Northern Mariana Islands,,,,,,,,,,,,,,,,,,,,,,,,,,,,,,,101,101,99.5,98.6,99.7,103,109,115,121,125,127,127,126,124,123,121,120,119,118,117,117,118,119,120,121,122,123,124,124,125
Mozambique,9.34,9.55,9.77,9.99,10.2,10.5,10.7,11,11.2,11.5,11.7,12,12.3,12.6,12.9,13.3,13.7,14,14.4,14.8,15.1,15.5,15.8,16.1,16.2,16.3,16.3,16.2,16.3,16.5,16.9,17.6,18.3,19,19.7,20.3,20.9,21.4,21.9,22.5,23.2,23.9,24.6,25.3,26.1,26.8,27.6,28.3,29.1,29.9,30.8,31.6,32.5,33.4,34.4,35.4,36.4,37.5,38.6,39.7
Mauritania,0.85,0.875,0.901,0.928,0.957,0.986,1.02,1.05,1.08,1.11,1.15,1.18,1.22,1.25,1.29,1.33,1.37,1.41,1.45,1.49,1.54,1.58,1.63,1.68,1.73,1.78,1.82,1.87,1.92,1.97,2.03,2.08,2.13,2.19,2.24,2.3,2.36,2.42,2.49,2.55,2.62,2.7,2.77,2.85,2.93,3.02,3.11,3.2,3.29,3.39,3.49,3.6,3.7,3.81,3.93,4.04,4.16,4.27,4.39,4.51
Mauritius,335,345,354,363,371,379,386,393,400,407,413,420,426,433,439,447,454,460,468,476,483,489,493,499,503,507,510,514,518,522,527,534,541,548,553,559,566,572,579,585,589,593,598,601,605,608,611,613,614,616,617,619,620,621,622,622,623,623,624,624
Malawi,39.8,40.7,41.7,42.8,43.9,45,46.1,47.4,48.6,49.9,51.2,52.6,54,55.5,57.1,58.8,60.6,62.5,64.4,66.3,68,69.6,71.5,73.9,77.1,81.3,86.4,91.6,96.3,99.8,102,103,103,103,104,106,109,112,115,118,121,124,127,130,134,138,142,146,150,154,159,163,168,173,178,182,187,192,198,203
Malaysia,25.6,26.5,27.3,28.2,29,29.8,30.6,31.3,32.1,32.9,33.7,34.5,35.3,36.1,37,38,38.9,39.9,41,42,43,44,45.1,46.2,47.5,48.8,50.3,51.8,53.4,54.9,56.4,57.8,59.3,60.8,62.4,64,65.6,67.3,69,70.6,72.2,73.7,75.2,76.7,78.2,79.8,81.3,82.9,84.4,85.9,87.2,88.5,89.7,90.9,92.1,93.4,94.7,96,97.2,98.5
Namibia,0.789,0.808,0.828,0.849,0.87,0.893,0.915,0.939,0.965,0.993,1.02,1.06,1.09,1.12,1.15,1.18,1.21,1.23,1.26,1.28,1.31,1.34,1.37,1.41,1.46,1.51,1.56,1.62,1.68,1.74,1.79,1.84,1.89,1.93,1.98,2.02,2.06,2.1,2.14,2.18,2.22,2.25,2.28,2.32,2.35,2.39,2.44,2.48,2.53,2.57,2.62,2.67,2.71,2.76,2.81,2.86,2.92,2.97,3.03,3.09
New Caledonia,4.44,4.56,4.69,4.82,4.95,5.11,5.28,5.44,5.69,6.13,6.56,6.87,7.03,7.17,7.25,7.33,7.44,7.52,7.58,7.66,7.8,7.97,8.13,8.3,8.45,8.61,8.78,8.95,9.13,9.35,9.59,9.84,10.1,10.4,10.6,10.8,11,11.2,11.4,11.7,11.9,12.1,12.3,12.5,12.7,12.9,13.1,13.3,13.5,13.7,13.9,14.2,14.4,14.7,14.7,14.7,14.8,14.8,14.8,14.9
Niger,2.75,2.83,2.92,3,3.09,3.18,3.27,3.37,3.46,3.56,3.66,3.76,3.87,3.98,4.09,4.21,4.34,4.46,4.59,4.73,4.87,5.01,5.15,5.3,5.46,5.62,5.79,5.96,6.14,6.34,6.54,6.76,6.99,7.24,7.49,7.76,8.04,8.33,8.63,8.95,9.28,9.62,9.98,10.4,10.8,11.2,11.6,12,12.5,13,13.5,14,14.6,15.2,15.8,16.4,17.1,17.7,18.4,19.1
Nigeria,50.6,51.6,52.7,53.9,55,56.2,57.5,58.7,60.1,61.5,62.9,64.4,66,67.7,69.6,71.6,73.8,76.1,78.4,80.6,82.8,85,87.2,89.4,91.7,94.2,96.7,99.3,102,105,107,110,113,116,119,122,125,128,131,134,138,141,145,149,152,157,161,165,169,174,179,184,189,194,199,204,210,215,221,226
Nicaragua,15.2,15.7,16.2,16.7,17.2,17.7,18.3,18.8,19.4,20,20.6,21.3,21.9,22.6,23.3,24.1,24.8,25.6,26.4,27.1,27.9,28.7,29.5,30.3,31,31.8,32.5,33.2,33.9,34.7,35.5,36.3,37.1,37.9,38.7,39.4,40.1,40.8,41.5,42.1,42.8,43.4,44,44.6,45.2,45.8,46.5,47.1,47.7,48.4,49.1,49.7,50.4,51,51.7,52.4,53.1,53.7,54.4,55
Netherlands,345,350,354,359,364,369,373,377,381,386,391,395,398,401,405,408,410,413,416,419,422,424,426,427,429,432,434,437,440,443,446,450,453,456,458,460,462,465,468,472,475,478,481,482,483,484,485,487,490,493,495,497,499,501,503,506,509,512,515,518
Curaçao,284,289,295,300,305,308,311,316,321,326,332,333,331,334,336,336,337,334,333,333,335,338,340,342,344,344,341,336,331,327,325,324,325,326,327,330,331,325,314,301,291,291,297,302,310,318,324,329,331,335,340,343,346,351,356,360,361,359,355,349
Norway,9.88,9.96,10,10.1,10.2,10.3,10.4,10.4,10.5,10.6,10.7,10.8,10.8,10.9,11,11,11.1,11.1,11.2,11.2,11.2,11.3,11.3,11.3,11.4,11.4,11.5,11.5,11.6,11.6,11.7,11.7,11.8,11.9,11.9,12,12.1,12.1,12.2,12.3,12.4,12.4,12.5,12.6,12.7,12.8,12.9,13.1,13.2,13.4,13.6,13.7,13.9,14.1,14.2,14.3,14.5,14.5,14.6,14.7
Nepal,71.8,73,74.2,75.4,76.7,78.1,79.6,81.1,82.8,84.4,86.2,88,89.9,91.8,93.8,95.9,98.1,100,103,105,107,110,113,115,118,121,123,126,129,132,136,139,143,147,151,154,158,161,164,167,170,172,175,177,180,182,184,186,188,188,189,188,188,188,188,190,193,196,200,203
Nauru,231,247,264,280,293,303,311,317,322,328,333,340,346,353,359,364,370,375,381,388,394,401,408,417,425,434,443,453,464,475,488,502,514,525,531,534,532,528,522,517,511,505,500,495,492,491,492,494,497,500,503,507,510,514,519,524,529,534,538,542
New Zealand,9.19,9.43,9.62,9.82,9.98,10.2,10.3,10.4,10.5,10.7,10.8,11,11.2,11.5,11.7,11.8,11.8,11.9,11.8,11.8,11.9,12,12.2,12.3,12.3,12.3,12.4,12.5,12.5,12.6,13.3,13.4,13.6,13.7,14,14.2,14.4,14.5,14.6,14.7,14.7,15,15.3,15.5,15.7,15.9,16,16.2,16.3,16.5,16.6,16.7,16.9,17.2,17.5,17.9,18.3,18.6,18.9,19.3
Oman,1.83,1.87,1.92,1.97,2.02,2.07,2.13,2.2,2.26,2.34,2.42,2.51,2.61,2.72,2.85,3,3.16,3.34,3.53,3.73,3.94,4.17,4.4,4.62,4.84,5.04,5.23,5.42,5.63,5.86,6.12,6.41,6.7,6.94,7.12,7.23,7.27,7.28,7.29,7.33,7.42,7.54,7.71,7.9,8.11,8.34,8.59,8.89,9.29,9.83,10.5,11.3,12.2,13,13.8,14.5,15.1,15.6,16.1,16.5
Pakistan,59.8,61.2,62.8,64.4,66.1,67.8,69.6,71.5,73.4,75.4,77.5,79.6,81.9,84.2,86.7,89.3,92,95,98,101,105,108,112,116,120,124,127,132,136,140,144,148,152,156,161,165,170,175,180,185,189,194,199,203,208,213,218,223,228,233,238,243,248,253,259,264,270,275,281,287
Panama,15.7,16.2,16.7,17.2,17.7,18.2,18.7,19.3,19.9,20.4,21,21.6,22.2,22.9,23.5,24.1,24.7,25.3,26,26.6,27.3,27.9,28.5,29.2,29.9,30.5,31.2,31.9,32.5,33.2,33.9,34.7,35.4,36.1,36.9,37.6,38.4,39.2,40,40.8,41.6,42.4,43.2,44,44.8,45.6,46.5,47.3,48.1,49,49.9,50.7,51.6,52.6,53.5,54.5,55.4,56.3,57.2,58.2
Peru,8.16,8.4,8.64,8.89,9.15,9.41,9.68,9.95,10.2,10.5,10.8,11.1,11.4,11.7,12.1,12.4,12.7,13,13.4,13.7,14.1,14.4,14.7,15.1,15.4,15.8,16.2,16.5,16.9,17.2,17.6,17.9,18.3,18.6,19,19.3,19.7,20,20.4,20.7,20.9,21.2,21.4,21.6,21.8,22,22.1,22.3,22.5,22.7,22.9,23.1,23.3,23.5,23.8,24.2,24.6,25,25.4,25.8
Philippines,91.1,94.1,97.3,100,104,107,110,113,117,120,124,127,131,135,138,142,146,150,155,159,163,168,172,177,182,187,192,197,202,208,213,218,223,229,234,239,245,250,256,262,267,273,279,284,290,295,300,305,310,315,321,326,332,337,342,348,353,358,363,368
Palau,,,,,,,,,,,,,,,,,,,,,,,,,,,,,,,33.6,34.5,35.4,36.4,37.3,38.3,39.2,40,40.8,41.5,42.2,42.7,43.1,43.2,43,42.5,41.6,40.7,39.8,39,38.6,38.3,38.3,38.3,38.4,38.5,38.7,38.9,39.1,39.3
Papua New Guinea,5.07,5.17,5.27,5.38,5.49,5.61,5.73,5.87,6,6.15,6.29,6.44,6.6,6.76,6.93,7.11,7.29,7.48,7.68,7.89,8.1,8.32,8.55,8.78,9.01,9.24,9.48,9.71,9.95,10.2,10.4,10.7,10.9,11.2,11.5,11.7,12,12.3,12.6,12.9,13.2,13.5,13.7,14,14.3,14.7,15,15.4,15.8,16.1,16.5,16.9,17.2,17.5,17.9,18.3,18.6,19,19.4,19.8
Poland,97.8,99,100,102,103,103,104,105,106,107,107,108,109,110,111,112,113,114,115,116,117,118,119,120,121,122,123,123,124,124,125,125,126,126,126,126,126,126,126,125,125,125,125,125,125,125,124,124,125,124,124,124,124,124,124,124,124,124,124,124
Puerto Rico,271,276,282,288,292,296,298,300,303,306,311,318,325,331,338,343,348,353,357,361,366,369,373,377,381,384,388,392,395,399,402,404,408,411,415,420,424,426,428,430,431,431,431,431,431,429,426,424,422,420,415,410,405,399,392,384,375,360,360,370
North Korea,96.9,98.6,100,102,104,107,110,113,116,120,123,126,130,132,135,137,139,141,143,145,147,150,152,154,157,159,161,164,166,169,171,174,177,179,182,184,185,187,189,190,192,194,196,197,199,200,201,202,203,204,205,206,207,208,209,210,211,212,213,214
Portugal,97.6,98.3,98.7,98.7,98.3,97.6,97,96.6,95.7,94.9,94.5,94.3,94.4,95.7,99.4,102,103,104,106,107,108,108,109,109,110,110,110,110,109,109,109,109,109,109,110,110,110,111,112,112,113,114,114,115,115,115,115,115,115,115,115,115,114,114,113,113,112,112,112,112
Paraguay,4.92,5.05,5.19,5.32,5.47,5.61,5.77,5.92,6.07,6.23,6.38,6.54,6.69,6.86,7.03,7.2,7.39,7.58,7.79,8.01,8.24,8.48,8.73,8.99,9.25,9.52,9.8,10.1,10.4,10.6,10.9,11.2,11.5,11.7,12,12.3,12.6,12.9,13.1,13.4,13.7,13.9,14.2,14.4,14.7,14.9,15.1,15.3,15.5,15.7,15.9,16.2,16.4,16.6,16.8,17.1,17.3,17.5,17.7,18
Palestine,,,,,,,,,,,,,,,,,,,,,,,,,,,,,,329,344,359,376,393,411,430,450,461,473,485,498,511,524,538,552,566,580,597,613,629,645,661,677,693,709,725,740,759,778,798
French Polynesia,22.1,22.9,23.7,24.6,25.5,26.4,27.3,28.2,29.2,30.2,31.3,32.4,33.5,34.7,35.9,37,38.2,39.4,40.6,41.9,43.2,44.4,45.8,47.1,48.4,49.7,51,52.3,53.5,54.6,55.7,56.6,57.6,58.5,59.6,60.7,62,63.3,64.5,65.8,66.9,68,69,69.9,70.7,71.3,71.8,72.1,72.5,72.8,73.1,73.5,73.9,74.2,74.6,75,75.4,78.9,79.3,79.8
Qatar,4.43,4.85,5.32,5.82,6.34,6.88,7.43,8.03,8.69,9.43,10.3,11.2,12.2,13.2,14.2,15,15.7,16.5,17.7,19.3,21.4,23.9,26.6,29.4,31.9,34.3,36.4,38.2,39.8,41,42,42.7,43.2,43.7,44.2,45,46.1,47.5,49.1,51,53,55.2,58.7,64.9,74.5,88.1,105,124,143,160,175,189,201,214,223,231,237,242,246,251
Romania,80.6,81.1,81.6,82.1,82.6,83.4,84.8,86,86.9,87.9,88.8,89.7,90.5,91.3,92.4,93.6,94.5,95.3,95.9,96.4,97,97.6,97.9,98.3,98.7,99.1,99.6,100,101,101,100,99.3,99.2,99,98.8,98.5,98.3,98,97.9,97.7,96.3,94.5,93.8,93.3,92.7,92.2,90.8,89.3,88.5,88,87.5,87.2,86.9,86.5,86.1,85.6,85.1,84.6,84.2,83.7
Russia,7.4,7.48,7.56,7.65,7.73,7.78,7.82,7.87,7.91,7.96,8,8.05,8.09,8.14,8.19,8.25,8.3,8.36,8.42,8.48,8.54,8.59,8.64,8.71,8.78,8.84,8.9,8.96,9.01,9.03,9.05,9.06,9.06,9.06,9.06,9.05,9.03,9.01,8.98,8.95,8.91,8.87,8.83,8.79,8.76,8.73,8.72,8.72,8.72,8.72,8.73,8.74,8.76,8.78,8.8,8.81,8.82,8.82,8.82,8.8
Rwanda,122,124,126,128,131,135,139,143,148,152,157,162,166,172,177,183,189,195,202,209,216,223,231,239,249,261,275,287,295,295,287,272,254,241,237,244,260,282,304,322,334,342,347,352,358,367,376,386,397,407,417,428,438,449,461,473,486,499,512,525
Saudi Arabia,1.96,2.03,2.1,2.18,2.25,2.33,2.42,2.51,2.6,2.71,2.84,2.97,3.12,3.28,3.45,3.63,3.82,4.02,4.25,4.51,4.8,5.11,5.44,5.78,6.1,6.42,6.72,7.01,7.29,7.55,7.8,8.04,8.26,8.47,8.67,8.85,9.03,9.2,9.39,9.61,9.86,10.1,10.4,10.8,11.1,11.4,11.7,12,12.4,12.8,13.1,13.6,14,14.4,14.8,15.1,15.4,15.7,15.9,16.2
Sudan,3.13,3.23,3.32,3.43,3.53,3.65,3.76,3.88,4.01,4.14,4.28,4.42,4.57,4.73,4.89,5.07,5.25,5.44,5.64,5.85,6.06,6.27,6.49,6.71,6.94,7.16,7.38,7.6,7.85,8.12,8.42,8.74,9.08,9.41,9.71,9.99,10.2,10.5,10.7,11,11.3,11.6,11.9,12.2,12.5,12.8,13,13.3,13.6,13.9,19.1,19.6,20,20.5,21,21.5,22.1,22.6,23.2,23.7
Senegal,17.1,17.6,18.1,18.6,19.1,19.7,20.3,20.8,21.5,22.1,22.8,23.5,24.2,24.9,25.6,26.3,26.9,27.6,28.3,29,29.8,30.7,31.6,32.6,33.6,34.6,35.7,36.8,37.9,39.1,40.3,41.5,42.7,43.9,45.1,46.3,47.4,48.6,49.7,50.9,52.1,53.4,54.8,56.1,57.6,59.1,60.7,62.4,64.1,65.9,67.7,69.6,71.6,73.6,75.7,77.9,80.1,82.3,84.6,87
Singapore,2540,2610,2680,2750,2820,2890,2950,3000,3050,3100,3150,3210,3270,3330,3380,3420,3470,3510,3560,3600,3780,3950,4000,4080,4080,4080,4140,4250,4370,4550,4680,4820,4950,5100,5260,5480,5670,5860,5910,6010,6180,6190,5990,6050,6190,6340,6600,6910,7130,7230,7360,7520,7640,7710,7810,7910,7920,7950,8040,8020
Solomon Islands,4.34,4.47,4.6,4.74,4.89,5.04,5.19,5.36,5.53,5.72,5.94,6.16,6.41,6.66,6.91,7.17,7.43,7.69,7.96,8.24,8.52,8.8,9.09,9.39,9.67,9.96,10.2,10.5,10.8,11.1,11.5,11.8,12.1,12.5,12.8,13.2,13.6,14,14.3,14.7,15.1,15.6,16,16.4,16.8,17.2,17.6,18,18.4,18.9,19.3,19.9,20.4,21,21.5,22.1,22.7,23.3,23.9,24.5
Sierra Leone,32.6,33.1,33.6,34.2,34.7,35.4,36,36.6,37.3,38,38.8,39.6,40.4,41.2,42.1,43,43.9,44.9,45.9,46.9,48,49,50.2,51.4,52.7,54.3,55.9,57.6,58.9,59.8,60.2,60.2,60,59.7,59.6,59.7,60.1,60.7,61.8,63.5,65.9,68.8,72.1,75.3,78.2,80.8,83,85,86.9,88.9,90.9,93,95.1,97.2,99.4,102,104,106,108,111
El Salvador,137,141,145,149,154,158,162,167,172,176,181,185,190,195,199,205,209,214,218,222,225,229,232,235,238,241,245,248,251,254,258,261,265,268,272,275,277,280,282,284,286,288,289,291,292,293,295,296,297,298,300,301,302,304,305,307,308,310,311,313
San Marino,264,271,278,285,292,299,305,311,316,320,323,325,326,328,330,335,340,346,352,358,363,367,372,376,380,384,388,392,397,402,408,414,420,426,432,438,443,448,452,458,464,470,476,482,489,495,501,507,514,520,528,535,543,549,555,558,561,563,564,566
Somalia,4.49,4.58,4.68,4.78,4.89,5.01,5.15,5.28,5.4,5.49,5.54,5.55,5.6,5.79,6.19,6.82,7.65,8.57,9.39,10,10.4,10.5,10.6,10.5,10.6,10.7,10.9,11.2,11.4,11.5,11.6,11.6,11.7,11.8,11.9,12.2,12.7,13.1,13.6,14.1,14.6,15.1,15.6,16.1,16.7,17.2,17.7,18.2,18.7,19.2,19.7,20.3,20.8,21.4,22,22.6,23.3,23.9,24.6,25.3
Serbia,76.1,76.6,77,77.3,77.7,78.2,78.7,79.1,79.4,79.7,80.2,80.6,81.1,81.5,81.9,82.5,83,83.4,83.8,84.2,84.7,85.1,85.4,85.6,85.8,86.2,86.4,86.6,86.7,86.7,86.8,87.4,88,88.4,87.2,87.1,86.9,86.5,86.2,85.9,85.8,85.7,85.5,85.3,85.1,84.7,84.4,84,83.7,83.4,82.7,82.3,81.9,81.5,81.1,80.7,80.3,79.8,79.4,78.9
South Sudan,,,,,,,,,,,,,,,,,,,,,,,,,,,,,,,,,,,,,,,,,,,,,,,,,,,15.6,16,16.4,16.7,17,17.1,17.3,17.4,17.5,17.7
Sao Tome and Principe,67.3,67.2,66.9,67,67.6,68.9,70.9,73.2,75.5,77.7,79.5,81.2,82.8,84.5,86.6,89,91.8,94.6,97.4,99.8,102,104,105,107,109,112,115,118,121,124,127,130,132,135,137,139,141,144,146,148,151,154,157,160,164,168,173,178,183,188,192,196,200,204,208,212,216,220,224,228
Suriname,1.9,1.95,2,2.05,2.11,2.17,2.23,2.29,2.33,2.36,2.37,2.36,2.34,2.32,2.3,2.29,2.29,2.3,2.3,2.3,2.31,2.31,2.32,2.34,2.36,2.4,2.44,2.49,2.55,2.6,2.65,2.7,2.74,2.79,2.83,2.87,2.91,2.95,2.98,3.02,3.05,3.09,3.13,3.16,3.2,3.24,3.28,3.31,3.35,3.39,3.43,3.47,3.51,3.55,3.58,3.62,3.66,3.69,3.73,3.76
Slovak Republic,87.1,88.1,89,90,90.9,91.7,92.5,93.2,93.9,94.3,94.7,95.6,96.5,97.5,98.5,99.6,101,102,103,104,104,105,106,107,107,108,109,109,110,110,110,110,111,111,111,112,112,112,112,112,112,112,112,112,112,112,112,112,112,112,112,112,113,113,113,113,113,113,113,114
Slovenia,79.2,79.6,80.3,81,81.9,82.9,83.9,84.6,85.1,85.6,86.3,87,87.7,88.2,89.1,90.4,91.5,92.5,93.5,94.4,94.7,94.9,95.4,95.9,96.4,97.6,98.8,99.1,99.1,99.2,99.3,99.1,98.9,98.8,98.8,98.7,98.6,98.4,98.5,98.8,98.9,99,99.1,99.2,99.3,99.6,100,100,101,102,102,102,102,102,102,103,103,103,104,104
Sweden,18.3,18.4,18.5,18.7,18.8,19,19.2,19.3,19.4,19.6,19.7,19.8,19.8,19.9,20,20,20.1,20.2,20.2,20.3,20.3,20.3,20.3,20.3,20.3,20.4,20.5,20.6,20.7,20.9,21,21.1,21.2,21.4,21.5,21.5,21.6,21.6,21.6,21.6,21.7,21.8,21.8,21.9,22,22.1,22.3,22.5,22.7,22.9,23,23.4,23.6,23.8,24.1,24.4,24.7,25,25.2,25.4
Eswatini,20,20.4,20.8,21.2,21.7,22.3,23,23.6,24.3,25.1,25.8,26.6,27.4,28.2,29.1,30,30.9,32,33,34.2,35.4,36.6,37.9,39.3,40.6,42.1,43.5,45,46.4,47.8,49.1,50.4,51.6,52.8,53.9,55,56,57,57.8,58.5,58.9,59.2,59.5,59.7,59.9,60.2,60.6,61,61.5,61.9,62.3,62.7,63.2,63.7,64.2,64.8,65.4,66.1,66.8,67.5
Sint Maarten (Dutch part),90.5,99,109,120,131,144,158,172,187,202,217,232,248,264,281,298,317,338,360,385,413,442,476,515,563,618,681,745,802,847,878,896,905,910,917,925,933,919,914,898,900,905,926,956,971,984,994,999,1010,1000,983,1020,1080,1110,1140,1180,1190,1200,1220,1240
Seychelles,93.2,95.7,98.2,101,103,106,109,111,114,117,119,122,124,126,129,132,134,135,136,138,139,140,140,141,142,143,149,149,150,151,153,154,157,161,164,166,168,171,175,176,177,182,180,179,180,184,185,189,190,195,190,192,196,199,203,206,208,210,212,214
Syria,25.7,26.5,27.4,28.3,29.2,30.2,31.2,32.3,33.4,34.6,35.8,37,38.3,39.6,41,42.4,43.9,45.4,46.9,48.6,50.3,52.2,54.1,56,57.9,59.9,61.8,63.8,65.7,67.7,69.7,71.8,73.8,75.9,78.1,80.3,82.6,84.9,87.1,89.3,91.2,93,94.9,97.1,100,104,108,113,115,116,115,111,107,102,98,95.1,93.1,92.3,93,95.3
Turks and Caicos Islands,6.18,6.19,6.18,6.16,6.12,6.09,6.07,6.05,6.07,6.14,6.29,6.48,6.72,6.96,7.19,7.39,7.57,7.77,8.01,8.31,8.68,9.11,9.57,10.1,10.5,10.9,11.3,11.7,12.2,12.8,13.5,14.4,15.3,16.2,17.1,17.8,18.5,19.2,20.1,21.2,22.7,24.5,26.3,28.1,29.7,30.9,32,32.8,33.6,34.4,35.1,35.9,36.6,37.2,37.9,38.5,39.1,39.6,40.2,40.8
Chad,2.43,2.48,2.53,2.58,2.63,2.68,2.73,2.78,2.83,2.89,2.96,3.03,3.1,3.18,3.25,3.31,3.38,3.44,3.51,3.59,3.66,3.75,3.84,3.94,4.05,4.17,4.3,4.44,4.59,4.74,4.89,5.05,5.21,5.39,5.57,5.76,5.96,6.17,6.4,6.64,6.89,7.16,7.44,7.73,8.02,8.3,8.59,8.88,9.18,9.49,9.82,10.2,10.5,10.9,11.2,11.6,11.9,12.3,12.7,13
Togo,29.4,29.7,30,30.6,31.4,32.6,34.1,35.8,37.4,38.9,40.2,41.3,42.3,43.3,44.3,45.3,46.3,47.4,48.6,50,51.7,53.6,55.7,57.7,59.8,61.8,63.8,65.8,67.6,69.4,71,72.5,74.1,75.8,77.7,80,82.5,85.2,87.9,90.5,93.1,95.6,98,101,103,106,109,112,115,118,121,125,128,131,135,138,142,145,149,152
Thailand,55.2,56.9,58.7,60.4,62.3,64.2,66.1,68.1,70.1,72.2,74.3,76.5,78.6,80.7,82.8,84.9,86.9,88.9,90.8,92.7,94.6,96.4,98.2,100,102,104,106,107,109,111,112,113,114,115,116,118,119,121,122,123,124,125,126,127,128,129,130,130,131,132,132,133,133,134,134,135,135,136,136,137
Tajikistan,15.4,16,16.6,17.2,17.8,18.4,19,19.7,20.3,20.9,21.6,22.2,22.9,23.6,24.2,24.9,25.6,26.4,27.1,27.9,28.7,29.6,30.5,31.4,32.4,33.5,34.6,35.7,36.8,37.8,38.6,39.3,40,40.6,41.2,41.8,42.4,43.1,43.7,44.4,45.1,45.9,46.7,47.6,48.5,49.5,50.5,51.5,52.6,53.8,55,56.3,57.6,59.5,60.9,62.4,64,65.6,67.2,68.7
Turkmenistan,3.53,3.65,3.77,3.9,4.03,4.15,4.28,4.41,4.54,4.67,4.81,4.95,5.09,5.23,5.37,5.52,5.67,5.82,5.97,6.12,6.27,6.42,6.58,6.74,6.9,7.07,7.25,7.43,7.63,7.84,8.06,8.3,8.53,8.76,8.95,9.12,9.27,9.39,9.5,9.61,9.71,9.81,9.91,10,10.1,10.2,10.4,10.5,10.7,10.8,11,11.2,11.4,11.6,11.8,12,12.3,12.5,12.6,12.8
Timor-Leste,32.5,33.1,33.7,34.3,34.9,35.6,36.2,36.9,37.6,38.4,39.4,40.4,41.3,42,42.3,42.2,41.7,41,40.5,40.3,40.6,41.2,42.1,43.2,44.2,45.2,46.2,47.2,48.3,49.6,51.1,52.7,54.3,55.7,56.8,57.5,58,58.3,58.7,59.5,60.6,62.1,63.7,65.4,66.9,68.4,69.7,71,72.2,73.5,74.9,76.2,77.6,79,80.5,82,83.6,85.3,87,88.7
Tonga,88.5,92,95.8,99.6,103,107,110,113,115,117,119,120,121,122,123,124,125,127,128,129,130,130,130,130,130,131,131,131,132,132,132,132,133,133,133,134,134,135,135,136,137,138,138,139,140,141,142,144,144,144,144,143,141,140,140,140,142,143,145,147
Trinidad and Tobago,169,171,174,176,178,179,180,181,183,184,186,189,191,194,197,200,203,205,208,211,215,218,222,225,228,231,233,235,236,238,240,241,242,244,244,245,246,246,246,247,248,249,250,251,253,254,255,256,257,259,260,262,264,266,267,269,270,271,272,273
Tunisia,27.3,27.7,28.2,28.7,29.3,29.9,30.5,31.2,31.9,32.6,33.3,34.1,34.8,35.6,36.4,37.2,38.1,39,40,41,42.2,43.4,44.7,45.9,47.2,48.4,49.6,50.7,51.9,53.1,54.2,55.4,56.6,57.7,58.7,59.7,60.5,61.2,61.9,62.5,63,63.5,64,64.5,65.1,65.7,66.3,67,67.8,68.5,69.1,69.8,70.5,71.2,72,72.8,73.6,74.4,75.3,76.1
Turkey,36.6,37.5,38.4,39.3,40.2,41.2,42.2,43.2,44.2,45.3,46.4,47.5,48.7,49.9,51,52.2,53.4,54.6,55.9,57.1,58.5,59.8,61.2,62.5,63.8,65.1,66.4,67.6,68.9,70.1,71.3,72.4,73.6,74.8,76,77.2,78.4,79.7,80.9,82.2,83.4,84.6,85.9,87.1,88.2,89.3,90.4,91.5,92.7,94,95.4,97,98.7,100,102,104,105,107,108,110
Tuvalu,178,178,178,178,180,181,184,187,189,191,192,193,194,197,202,211,222,234,245,254,261,265,268,270,274,278,283,288,293,297,300,304,306,309,310,311,311,311,311,313,316,320,324,329,333,337,341,344,347,351,354,358,362,366,370,374,379,384,389,393
Tanzania,11.7,12,12.4,12.8,13.1,13.5,13.9,14.4,14.8,15.3,15.8,16.3,16.8,17.4,17.9,18.5,19.1,19.7,20.3,20.9,21.6,22.3,23,23.7,24.4,25.2,25.9,26.7,27.6,28.5,29.4,30.4,31.5,32.5,33.5,34.4,35.2,36,36.9,37.8,38.8,39.9,41,42.2,43.4,44.6,45.9,47.2,48.6,50.1,51.6,53.1,54.7,56.4,58.1,59.9,61.7,63.6,65.5,67.4
Uganda,35,36.1,37.3,38.6,40,41.4,42.8,44.2,45.7,47.1,48.4,49.7,51,52.3,53.7,55.3,56.9,58.6,60.4,62.3,64.2,66.2,68.3,70.5,72.9,75.4,78.1,81,83.9,86.9,89.9,92.9,96,99.1,102,105,108,112,115,118,122,126,130,134,139,143,148,152,157,162,167,172,178,184,191,198,205,213,221,228
Ukraine,74.6,75.5,76.4,77.3,78.1,78.9,79.5,80.1,80.7,81.3,81.9,82.5,83.1,83.6,84.2,84.6,85.1,85.5,85.9,86.2,86.7,87,87.3,87.6,87.9,88.2,88.5,88.9,89.4,89.6,89.8,90,90.1,89.6,88.9,88.1,87.3,86.6,85.7,84.9,84,83.2,82.5,81.9,81.3,80.8,80.3,79.8,79.5,79.2,78.9,78.7,78.5,78.2,77.9,77.7,77.4,77,76.6,76.2
Uruguay,14.7,14.9,15.1,15.2,15.4,15.6,15.7,15.9,16,16.1,16.1,16.1,16.1,16.1,16.2,16.2,16.3,16.4,16.5,16.7,16.8,16.9,17,17.1,17.2,17.3,17.4,17.5,17.6,17.8,17.9,18,18.2,18.3,18.4,18.6,18.7,18.8,18.9,19,19,19,19,19,19,19,19,19.1,19.1,19.2,19.2,19.3,19.4,19.4,19.5,19.6,19.6,19.7,19.8,19.8
United States,20.1,20.4,20.7,21,21.2,21.5,21.7,21.9,22.1,22.4,22.7,22.9,23.1,23.3,23.6,23.8,24,24.3,24.6,24.8,25.1,25.3,25.5,25.7,26,26.2,26.5,26.7,26.9,27.3,27.6,28,28.4,28.7,29.1,29.4,29.8,30.1,30.5,30.8,31.1,31.4,31.7,32,32.3,32.6,32.9,33.2,33.5,33.8,34.1,34.3,34.6,34.8,35.1,35.3,35.5,35.7,35.9,36.2
Uzbekistan,20.7,21.4,22.2,22.9,23.8,24.7,25.6,26.6,27.5,28.4,29.3,30.1,30.9,31.7,32.6,33.5,34.4,35.4,36.4,37.4,38.4,39.4,40.4,41.4,42.5,43.5,44.6,45.7,46.8,48.2,49.3,50.4,51.6,52.6,53.6,54.6,55.6,56.5,57.2,57.9,58.7,59.4,60.1,60.8,61.5,62.3,63.2,64.2,65.3,67.1,69,70,71.1,72.3,71,72.3,73.5,74.8,76.2,77.7
St. Vincent and the Grenadines,211,213,216,218,221,223,225,227,230,232,235,237,240,243,245,248,251,253,256,258,260,262,264,266,268,270,272,273,275,276,276,277,277,277,277,277,277,276,276,276,277,277,278,278,279,278,278,278,278,278,278,278,279,279,280,281,282,283,284,284
Venezuela,9.57,9.91,10.3,10.6,11,11.4,11.7,12.1,12.5,12.9,13.3,13.7,14.1,14.5,15,15.4,15.8,16.3,16.7,17.2,17.7,18.2,18.6,19.1,19.6,20.1,20.7,21.2,21.7,22.3,22.8,23.3,23.8,24.3,24.9,25.4,25.9,26.4,26.9,27.4,27.9,28.5,29,29.5,30,30.4,30.9,31.3,31.8,32.2,32.8,33.3,33.8,34.1,34.1,33.8,33.3,32.7,32.3,32.2
British Virgin Islands,54.4,55.5,56.5,57.6,58.9,60.1,61.4,62.8,64.1,65.5,66.7,68.1,69.3,70.3,71.3,72.1,72.8,73.6,74.8,76.5,78.8,81.7,85,88.8,93,97.6,103,108,112,117,120,123,125,127,129,130,131,132,134,135,138,141,144,149,154,160,167,174,180,185,189,191,192,193,194,196,197,199,200,202
Virgin Islands (U.S.),98,100,114,117,124,132,140,159,172,181,203,218,240,257,270,275,266,274,275,285,285,286,287,287,288,288,288,288,289,297,299,302,305,307,308,309,310,310,310,310,310,310,310,310,310,310,310,310,310,310,309,309,309,308,308,307,307,306,305,304
Vietnam,103,107,110,113,116,120,123,127,130,133,137,140,143,146,150,153,156,160,163,167,171,175,179,183,187,191,196,200,204,209,213,218,222,226,230,234,237,240,243,257,260,263,265,268,270,273,275,278,281,284,287,290,293,296,299,302,305,308,311,314
Vanuatu,5.39,5.56,5.74,5.92,6.09,6.27,6.44,6.62,6.8,7,7.22,7.45,7.69,7.94,8.19,8.45,8.71,8.97,9.23,9.48,9.72,9.96,10.2,10.4,10.7,10.9,11.2,11.4,11.7,12,12.4,12.7,13.1,13.5,13.8,14.1,14.3,14.6,14.9,15.2,15.5,15.9,16.3,16.7,17.2,17.6,18,18.4,18.9,19.4,19.9,20.5,21.1,21.6,22.2,22.8,23.4,24,24.6,25.2
Samoa,39.6,40.9,42.2,43.6,44.9,46.2,47.4,48.6,49.6,50.6,51.4,52,52.6,53.1,53.5,53.8,54.1,54.4,54.7,55,55.3,55.6,56,56.3,56.5,56.7,56.9,57,57.2,57.5,58,58.5,59.1,59.6,60.1,60.5,60.8,61.1,61.3,61.6,62,62.3,62.7,63.1,63.5,63.9,64.3,64.8,65.2,65.7,66.2,66.8,67.4,67.9,68.4,68.7,69,69.3,69.6,70.1
Yemen,10.2,10.4,10.5,10.7,10.8,11,11.2,11.4,11.5,11.7,11.9,12.1,12.3,12.6,12.9,13.2,13.6,14,14.5,15,15.6,16.2,16.8,17.4,18.1,18.8,19.6,20.3,21.2,22.2,23.3,24.5,25.8,27.1,28.2,29.3,30.3,31.2,32,33,33.9,34.9,36,37,38.1,39.2,40.3,41.5,42.6,43.9,45.1,46.4,47.6,48.9,50.2,51.5,52.7,54,55.2,56.5
South Africa,14.4,14.8,15.2,15.6,16,16.4,16.8,17.3,17.7,18.2,18.7,19.2,19.7,20.2,20.8,21.3,21.8,22.4,22.9,23.5,24.2,24.9,25.5,26.2,26.9,27.6,28.3,28.9,29.6,30.3,31.1,31.9,32.7,33.4,34.2,34.8,35.4,36,36.6,37.1,37.6,38,38.5,39,39.5,40,40.5,41,41.6,42.2,42.9,43.6,44.3,45,45.7,46.3,47,47.6,48.3,48.9
Zambia,4.26,4.39,4.52,4.66,4.8,4.95,5.11,5.27,5.44,5.62,5.81,6.01,6.21,6.43,6.65,6.88,7.11,7.36,7.61,7.87,8.15,8.43,8.72,9.01,9.31,9.61,9.92,10.2,10.5,10.8,11.1,11.4,11.6,11.9,12.2,12.6,12.9,13.3,13.6,14,14.4,14.8,15.1,15.5,15.9,16.4,16.8,17.3,17.8,18.3,18.9,19.5,20.1,20.7,21.4,22,22.7,23.3,24,24.7
Zimbabwe,10.1,10.4,10.8,11.2,11.6,12,12.4,12.8,13.2,13.7,14.2,14.7,15.2,15.7,16.3,16.8,17.4,17.9,18.5,19.2,19.8,20.6,21.3,22.1,22.9,23.8,24.6,25.5,26.2,27,27.6,28.2,28.7,29.1,29.5,29.8,30.1,30.4,30.6,30.7,30.8,30.9,31,31.1,31.2,31.4,31.7,32,32.4,32.8,33.3,33.9,34.5,35.1,35.7,36.3,36.8,37.3,37.9,38.4
